local_file,extracted_name,wikipedia_title,date,original_caption,image_url,file_page,download_status
images/Edgar_A._Poe_-_NARA_-_528345__cropped.jpg,Edgar Allan Poe,Edgar Allan Poe,before 1849,"Edgar Allan Poe, by Mathew Brady",https://upload.wikimedia.org/wikipedia/commons/thumb/9/94/Edgar_A._Poe_-_NARA_-_528345_%28cropped%29.jpg/800px-Edgar_A._Poe_-_NARA_-_528345_%28cropped%29.jpg,https://commons.wikimedia.org/wiki/File:Edgar_A._Poe_-_NARA_-_528345_(cropped).jpg,ok
images/Edgar_Allan_Poe__circa_1849__restored__squared_off.jpg,Edgar Allan Poe,Edgar Allan Poe,ca. 1849,Edgar Allan Poe,https://upload.wikimedia.org/wikipedia/commons/thumb/9/97/Edgar_Allan_Poe%2C_circa_1849%2C_restored%2C_squared_off.jpg/800px-Edgar_Allan_Poe%2C_circa_1849%2C_restored%2C_squared_off.jpg,"https://commons.wikimedia.org/wiki/File:Edgar_Allan_Poe,_circa_1849,_restored,_squared_off.jpg",ok
images/Wendell_Phillips_by_Brady.jpg,Wendell Phillips,Wendell Phillips,1853-1860,Wendell Phillips by Brady,https://upload.wikimedia.org/wikipedia/commons/thumb/3/34/Wendell_Phillips_by_Brady.jpg/800px-Wendell_Phillips_by_Brady.jpg,https://commons.wikimedia.org/wiki/File:Wendell_Phillips_by_Brady.jpg,ok
images/Admiral_Farragut2.jpg,David Farragut,David Farragut,1855-1865,Admiral David Farragut,https://upload.wikimedia.org/wikipedia/commons/thumb/f/f8/Admiral_Farragut2.jpg/800px-Admiral_Farragut2.jpg,https://commons.wikimedia.org/wiki/File:Admiral_Farragut2.jpg,ok
images/Photograph_of_Gustave_Dor__by_Nadar__between_1856_and_1858.jpg,Gustave Doré,Gustave Doré,,"Photograph of Gustave Doré by Nadar, between 1856 and 1858",https://upload.wikimedia.org/wikipedia/commons/thumb/5/53/Photograph_of_Gustave_Dor%C3%A9_by_Nadar%2C_between_1856_and_1858.jpg/800px-Photograph_of_Gustave_Dor%C3%A9_by_Nadar%2C_between_1856_and_1858.jpg,"https://commons.wikimedia.org/wiki/File:Photograph_of_Gustave_Dor%C3%A9_by_Nadar,_between_1856_and_1858.jpg",ok
images/Robert_Howlett__Isambard_Kingdom_Brunel_Standing_Before_cb0100cd.jpg,Isambard Kingdom Brunel,Isambard Kingdom Brunel,1857,"Isambard Kingdom Brunel standing before the launching chains of the SS Great Eastern, by Robert Howlett",https://upload.wikimedia.org/wikipedia/commons/thumb/6/67/Robert_Howlett_%28Isambard_Kingdom_Brunel_Standing_Before_the_Launching_Chains_of_the_Great_Eastern%29%2C_The_Metropolitan_Museum_of_Art_-_restoration1.jpg/800px-Robert_Howlett_%28Isambard_Kingdom_Brunel_Standing_Before_the_Launching_Chains_of_the_Great_Eastern%29%2C_The_Metropolitan_Museum_of_Art_-_restoration1.jpg,"https://commons.wikimedia.org/wiki/File:Robert_Howlett_(Isambard_Kingdom_Brunel_Standing_Before_the_Launching_Chains_of_the_Great_Eastern),_The_Metropolitan_Museum_of_Art_-_restoration1.jpg",ok
images/Roger_Fenton_by_the_Photographic_Society_Club__1856.jpg,Roger Fenton,Roger Fenton,,"Roger Fenton by the Photographic Society Club, 1856",https://upload.wikimedia.org/wikipedia/commons/thumb/7/76/Roger_Fenton_by_the_Photographic_Society_Club%2C_1856.jpg/800px-Roger_Fenton_by_the_Photographic_Society_Club%2C_1856.jpg,"https://commons.wikimedia.org/wiki/File:Roger_Fenton_by_the_Photographic_Society_Club,_1856.jpg",ok
images/Trapper_Seth_Kinman_seated_in_chair_with_rifle.jpg,Seth Kinman,Seth Kinman,,Trapper Seth Kinman seated in chair with rifle,https://upload.wikimedia.org/wikipedia/commons/thumb/4/46/Trapper_Seth_Kinman_seated_in_chair_with_rifle.jpg/800px-Trapper_Seth_Kinman_seated_in_chair_with_rifle.jpg,https://commons.wikimedia.org/wiki/File:Trapper_Seth_Kinman_seated_in_chair_with_rifle.jpg,ok
images/Marie_Brose_Tepe_carte_de_visite_LCCN_2021630920.jpg,Marie Brose Tepe,Marie Tepe,,Marie Brose Tepe carte de visite LCCN 2021630920,https://upload.wikimedia.org/wikipedia/commons/thumb/6/62/Marie_Brose_Tepe_carte_de_visite_LCCN_2021630920.jpg/800px-Marie_Brose_Tepe_carte_de_visite_LCCN_2021630920.jpg,https://commons.wikimedia.org/wiki/File:Marie_Brose_Tepe_carte_de_visite_LCCN_2021630920.jpg,ok
images/Mongkut__first_king_of_Siam_in_state_robes___cropped_an_69e873c9.jpg,Mongkut,Mongkut,,"Mongkut, first king of Siam in state robes – cropped and restored",https://upload.wikimedia.org/wikipedia/commons/thumb/1/14/Mongkut%2C_first_king_of_Siam_in_state_robes_%E2%80%93_cropped_and_restored.jpg/800px-Mongkut%2C_first_king_of_Siam_in_state_robes_%E2%80%93_cropped_and_restored.jpg,"https://commons.wikimedia.org/wiki/File:Mongkut,_first_king_of_Siam_in_state_robes_%E2%80%93_cropped_and_restored.jpg",ok
images/Self-portrait_of_Nadar.jpg,Nadar,Nadar,,Self-portrait of Nadar,https://upload.wikimedia.org/wikipedia/commons/thumb/c/cd/Self-portrait_of_Nadar.jpg/800px-Self-portrait_of_Nadar.jpg,https://commons.wikimedia.org/wiki/File:Self-portrait_of_Nadar.jpg,ok
images/Captain_John_W._Tarleton_by_John_Jabez_Edwin_Mayall.jpg,John W. Tarleton,John Tarleton (Royal Navy officer),1860,Captain John W. Tarleton by John Jabez Edwin Mayall,https://upload.wikimedia.org/wikipedia/commons/thumb/3/36/Captain_John_W._Tarleton_by_John_Jabez_Edwin_Mayall.jpg/800px-Captain_John_W._Tarleton_by_John_Jabez_Edwin_Mayall.jpg,https://commons.wikimedia.org/wiki/File:Captain_John_W._Tarleton_by_John_Jabez_Edwin_Mayall.jpg,ok
images/Daniel_Craig_McCallum_by_The_Brady_National_Photographi_c1e82fd2.jpg,Daniel Craig McCallum,Daniel McCallum,1860,Daniel Craig McCallum,https://upload.wikimedia.org/wikipedia/commons/thumb/7/78/Daniel_Craig_McCallum_by_The_Brady_National_Photographic_Art_Gallery.jpg/800px-Daniel_Craig_McCallum_by_The_Brady_National_Photographic_Art_Gallery.jpg,https://commons.wikimedia.org/wiki/File:Daniel_Craig_McCallum_by_The_Brady_National_Photographic_Art_Gallery.jpg,ok
images/David_Dixon_Porter_-_Mathew_Brady_s_National_Photograph_8b7286c3.jpg,David Dixon Porter,David Dixon Porter,1860 - 1865,David Dixon Porter,https://upload.wikimedia.org/wikipedia/commons/thumb/8/81/David_Dixon_Porter_-_Mathew_Brady%27s_National_Photographic_Art_Gallery.jpg/800px-David_Dixon_Porter_-_Mathew_Brady%27s_National_Photographic_Art_Gallery.jpg,https://commons.wikimedia.org/wiki/File:David_Dixon_Porter_-_Mathew_Brady%27s_National_Photographic_Art_Gallery.jpg,ok
images/Jacques_Offenbach_by_Nadar.jpg,Jacques Offenbach,Jacques Offenbach,1860s,Jacques Offenbach by Nadar,https://upload.wikimedia.org/wikipedia/commons/thumb/c/c1/Jacques_Offenbach_by_Nadar.jpg/800px-Jacques_Offenbach_by_Nadar.jpg,https://commons.wikimedia.org/wiki/File:Jacques_Offenbach_by_Nadar.jpg,ok
images/Gen._Pierre_Gustave_Toutant_de_Beauregard__C.S.A_-_NARA_-_528596.jpg,Pierre Gustave Toutant de Beauregard,P. G. T. Beauregard,1860-1865,Gen. Pierre Gustave Toutant de Beauregard,https://upload.wikimedia.org/wikipedia/commons/thumb/2/23/Gen._Pierre_Gustave_Toutant_de_Beauregard%2C_C.S.A_-_NARA_-_528596.jpg/800px-Gen._Pierre_Gustave_Toutant_de_Beauregard%2C_C.S.A_-_NARA_-_528596.jpg,"https://commons.wikimedia.org/wiki/File:Gen._Pierre_Gustave_Toutant_de_Beauregard,_C.S.A_-_NARA_-_528596.jpg",ok
images/John_Milton_Brannan_by_the_Studio_of_Mathew_Brady_-_NPG_81_M465.jpg,John Milton Brannan,John Milton Brannan,1860-1865,John Milton Brannan by the Studio of Mathew Brady - NPG 81 M465,https://upload.wikimedia.org/wikipedia/commons/thumb/7/79/John_Milton_Brannan_by_the_Studio_of_Mathew_Brady_-_NPG_81_M465.jpg/800px-John_Milton_Brannan_by_the_Studio_of_Mathew_Brady_-_NPG_81_M465.jpg,https://commons.wikimedia.org/wiki/File:John_Milton_Brannan_by_the_Studio_of_Mathew_Brady_-_NPG_81_M465.jpg,ok
images/tienne_Carjat__Portrait_of_Charles_Baudelaire__circa_1862.jpg,Étienne Carjat,Étienne Carjat,1862,"Étienne Carjat, Portrait of Charles Baudelaire",https://upload.wikimedia.org/wikipedia/commons/thumb/1/16/%C3%89tienne_Carjat%2C_Portrait_of_Charles_Baudelaire%2C_circa_1862.jpg/800px-%C3%89tienne_Carjat%2C_Portrait_of_Charles_Baudelaire%2C_circa_1862.jpg,"https://commons.wikimedia.org/wiki/File:%C3%89tienne_Carjat,_Portrait_of_Charles_Baudelaire,_circa_1862.jpg",ok
images/James_Birdseye_McPherson_c._1862_by_Barr___Young.jpg,James Birdseye McPherson,James B. McPherson,1862,James Birdseye McPherson c. 1862 by Barr & Young,https://upload.wikimedia.org/wikipedia/commons/thumb/8/80/James_Birdseye_McPherson_c._1862_by_Barr_%26_Young.jpg/800px-James_Birdseye_McPherson_c._1862_by_Barr_%26_Young.jpg,https://commons.wikimedia.org/wiki/File:James_Birdseye_McPherson_c._1862_by_Barr_%26_Young.jpg,ok
images/Felix_Nadar_in_the_basket_of_a_balloon__self-portrait___d2d56702.jpg,Felix Nadar,Nadar,c. 1863,"Felix Nadar in the basket of a balloon, self-portrait, btv1b532323066",https://upload.wikimedia.org/wikipedia/commons/thumb/0/08/Felix_Nadar_in_the_basket_of_a_balloon%2C_self-portrait%2C_btv1b532323066.jpg/800px-Felix_Nadar_in_the_basket_of_a_balloon%2C_self-portrait%2C_btv1b532323066.jpg,"https://commons.wikimedia.org/wiki/File:Felix_Nadar_in_the_basket_of_a_balloon,_self-portrait,_btv1b532323066.jpg",ok
images/Berlioz_Petit_BNF_Gallica.png,Hector Berlioz,Hector Berlioz,1863,Hector Berlioz,https://upload.wikimedia.org/wikipedia/commons/thumb/2/28/Berlioz_Petit_BNF_Gallica.png/800px-Berlioz_Petit_BNF_Gallica.png,https://commons.wikimedia.org/wiki/File:Berlioz_Petit_BNF_Gallica.png,ok
images/Alfred_Waud_by_Timothy_H._O_Sullivan.jpg,Alfred Waud,Alfred Waud,1863,Alfred Waud by Timothy H. O'Sullivan,https://upload.wikimedia.org/wikipedia/commons/thumb/9/9c/Alfred_Waud_by_Timothy_H._O%27Sullivan.jpg/800px-Alfred_Waud_by_Timothy_H._O%27Sullivan.jpg,https://commons.wikimedia.org/wiki/File:Alfred_Waud_by_Timothy_H._O%27Sullivan.jpg,ok
images/Sarah_Bernhardt__par_Nadar__1864.jpg,Sarah Bernhardt,Sarah Bernhardt,1864,"Sarah Bernhardt, par Nadar",https://upload.wikimedia.org/wikipedia/commons/thumb/3/3b/Sarah_Bernhardt%2C_par_Nadar%2C_1864.jpg/800px-Sarah_Bernhardt%2C_par_Nadar%2C_1864.jpg,"https://commons.wikimedia.org/wiki/File:Sarah_Bernhardt,_par_Nadar,_1864.jpg",ok
images/George_Sand_by_Nadar__1864.jpg,George Sand,George Sand,1864,George Sand,https://upload.wikimedia.org/wikipedia/commons/thumb/5/54/George_Sand_by_Nadar%2C_1864.jpg/800px-George_Sand_by_Nadar%2C_1864.jpg,"https://commons.wikimedia.org/wiki/File:George_Sand_by_Nadar,_1864.jpg",ok
images/David_Livingstone_by_Thomas_Annan.jpg,David Livingstone,David Livingstone,1864,David Livingstone by Thomas Annan,https://upload.wikimedia.org/wikipedia/commons/thumb/f/f2/David_Livingstone_by_Thomas_Annan.jpg/800px-David_Livingstone_by_Thomas_Annan.jpg,https://commons.wikimedia.org/wiki/File:David_Livingstone_by_Thomas_Annan.jpg,ok
images/Joseph_Bazalgette_by_Lock___Whitfield.jpg,Joseph Bazalgette,Joseph Bazalgette,1864-1877,Joseph Bazalgette by Lock & Whitfield,https://upload.wikimedia.org/wikipedia/commons/thumb/7/76/Joseph_Bazalgette_by_Lock_%26_Whitfield.jpg/800px-Joseph_Bazalgette_by_Lock_%26_Whitfield.jpg,https://commons.wikimedia.org/wiki/File:Joseph_Bazalgette_by_Lock_%26_Whitfield.jpg,ok
images/George_N._Barnard_by_Mathew_Brady.jpg,George N. Barnard,George N. Barnard,c. 1865,George N. Barnard by Mathew Brady,https://upload.wikimedia.org/wikipedia/commons/thumb/b/bc/George_N._Barnard_by_Mathew_Brady.jpg/800px-George_N._Barnard_by_Mathew_Brady.jpg,https://commons.wikimedia.org/wiki/File:George_N._Barnard_by_Mathew_Brady.jpg,ok
images/Composer_Rossini_G_1865_by_Carjat_-_Restoration.jpg,Rossini,Gioachino Rossini,1865,Composer Rossini 1865 by Carjat,https://upload.wikimedia.org/wikipedia/commons/thumb/f/f5/Composer_Rossini_G_1865_by_Carjat_-_Restoration.jpg/800px-Composer_Rossini_G_1865_by_Carjat_-_Restoration.jpg,https://commons.wikimedia.org/wiki/File:Composer_Rossini_G_1865_by_Carjat_-_Restoration.jpg,ok
images/William_Tecumseh_Sherman.jpg,William Tecumseh Sherman,William Tecumseh Sherman,1865-1880,William Tecumseh Sherman,https://upload.wikimedia.org/wikipedia/commons/thumb/a/a8/William_Tecumseh_Sherman.jpg/800px-William_Tecumseh_Sherman.jpg,https://commons.wikimedia.org/wiki/File:William_Tecumseh_Sherman.jpg,ok
images/Julia_Margaret_Cameron_-_John_Herschel__Metropolitan_Mu_d0609905.jpg,John Herschel,John Herschel,1867,"John Herschel by Julia Margaret Cameron (Metropolitan Museum of Art copy, restored) levels",https://upload.wikimedia.org/wikipedia/commons/thumb/c/c7/Julia_Margaret_Cameron_-_John_Herschel_%28Metropolitan_Museum_of_Art_copy%2C_restored%29_levels.jpg/800px-Julia_Margaret_Cameron_-_John_Herschel_%28Metropolitan_Museum_of_Art_copy%2C_restored%29_levels.jpg,"https://commons.wikimedia.org/wiki/File:Julia_Margaret_Cameron_-_John_Herschel_(Metropolitan_Museum_of_Art_copy,_restored)_levels.jpg",ok
images/Gaucho1868b.jpg,Gaucho,Gaucho,1868,Gaucho,https://upload.wikimedia.org/wikipedia/commons/thumb/0/0b/Gaucho1868b.jpg/800px-Gaucho1868b.jpg,https://commons.wikimedia.org/wiki/File:Gaucho1868b.jpg,ok
images/Charles_Darwin_by_Julia_Margaret_Cameron__c._1868.jpg,Charles Darwin,Charles Darwin,1868,"Charles Darwin by Julia Margaret Cameron, c. 1868",https://upload.wikimedia.org/wikipedia/commons/thumb/3/33/Charles_Darwin_by_Julia_Margaret_Cameron%2C_c._1868.jpg/800px-Charles_Darwin_by_Julia_Margaret_Cameron%2C_c._1868.jpg,"https://commons.wikimedia.org/wiki/File:Charles_Darwin_by_Julia_Margaret_Cameron,_c._1868.jpg",ok
images/Photograph_of_Frederic_Edwin_Church_by_Napoleon_Sarony.jpg,Frederic Edwin Church,Frederic Edwin Church,1868,Photograph of Frederic Edwin Church by Napoleon Sarony,https://upload.wikimedia.org/wikipedia/commons/thumb/b/b2/Photograph_of_Frederic_Edwin_Church_by_Napoleon_Sarony.jpg/800px-Photograph_of_Frederic_Edwin_Church_by_Napoleon_Sarony.jpg,https://commons.wikimedia.org/wiki/File:Photograph_of_Frederic_Edwin_Church_by_Napoleon_Sarony.jpg,ok
images/Louis_D_sir__Blanquart-Evrard_1869_photograph_BNF_Gallica.jpg,Louis Désiré Blanquart-Evrard,Louis Désiré Blanquart-Evrard,1869,Louis Désiré Blanquart-Evrard,https://upload.wikimedia.org/wikipedia/commons/thumb/4/46/Louis_D%C3%A9sir%C3%A9_Blanquart-Evrard_1869_photograph_BNF_Gallica.jpg/800px-Louis_D%C3%A9sir%C3%A9_Blanquart-Evrard_1869_photograph_BNF_Gallica.jpg,https://commons.wikimedia.org/wiki/File:Louis_D%C3%A9sir%C3%A9_Blanquart-Evrard_1869_photograph_BNF_Gallica.jpg,ok
images/Self-portrait_of_Jeremiah_Gurney.jpg,Jeremiah Gurney,Jeremiah Gurney,c. 1869,Self-portrait of Jeremiah Gurney,https://upload.wikimedia.org/wikipedia/commons/thumb/2/24/Self-portrait_of_Jeremiah_Gurney.jpg/800px-Self-portrait_of_Jeremiah_Gurney.jpg,https://commons.wikimedia.org/wiki/File:Self-portrait_of_Jeremiah_Gurney.jpg,ok
images/Asher_B._Durand_by_Abraham_Bogardus.jpg,Asher B. Durand,Asher Brown Durand,,Asher B. Durand by Abraham Bogardus,https://upload.wikimedia.org/wikipedia/commons/thumb/1/19/Asher_B._Durand_by_Abraham_Bogardus.jpg/800px-Asher_B._Durand_by_Abraham_Bogardus.jpg,https://commons.wikimedia.org/wiki/File:Asher_B._Durand_by_Abraham_Bogardus.jpg,ok
images/Frederick_George_D_Utassy.jpg,Frederick George D'Utassy,Frederick George D'Utassy,,Frederick George D'Utassy,https://upload.wikimedia.org/wikipedia/commons/thumb/9/9f/Frederick_George_D%27Utassy.jpg/800px-Frederick_George_D%27Utassy.jpg,https://commons.wikimedia.org/wiki/File:Frederick_George_D%27Utassy.jpg,ok
images/Giles_Alexander_Smith_by_the_Webster_Brothers.jpg,Giles Alexander Smith,Giles Alexander Smith,,Giles Alexander Smith by the Webster Brothers,https://upload.wikimedia.org/wikipedia/commons/thumb/9/92/Giles_Alexander_Smith_by_the_Webster_Brothers.jpg/800px-Giles_Alexander_Smith_by_the_Webster_Brothers.jpg,https://commons.wikimedia.org/wiki/File:Giles_Alexander_Smith_by_the_Webster_Brothers.jpg,ok
images/Absalom_Baird__probably_by_the_Webster_Brothers.jpg,Absalom Baird,Absalom Baird,,"Absalom Baird, probably by the Webster Brothers",https://upload.wikimedia.org/wikipedia/commons/thumb/6/6f/Absalom_Baird%2C_probably_by_the_Webster_Brothers.jpg/800px-Absalom_Baird%2C_probably_by_the_Webster_Brothers.jpg,"https://commons.wikimedia.org/wiki/File:Absalom_Baird,_probably_by_the_Webster_Brothers.jpg",ok
images/Jasper_Francis_Cropsey_by_Napoleon_Sarony.jpg,Jasper Francis Cropsey,Jasper Francis Cropsey,1870,Jasper Francis Cropsey by Napoleon Sarony,https://upload.wikimedia.org/wikipedia/commons/thumb/2/2b/Jasper_Francis_Cropsey_by_Napoleon_Sarony.jpg/800px-Jasper_Francis_Cropsey_by_Napoleon_Sarony.jpg,https://commons.wikimedia.org/wiki/File:Jasper_Francis_Cropsey_by_Napoleon_Sarony.jpg,ok
images/Sojourner_Truth__1870__cropped__restored.jpg,Sojourner Truth,Sojourner Truth,1870,"Sojourner Truth, 1870 (cropped, restored)",https://upload.wikimedia.org/wikipedia/commons/thumb/5/54/Sojourner_Truth%2C_1870_%28cropped%2C_restored%29.jpg/800px-Sojourner_Truth%2C_1870_%28cropped%2C_restored%29.jpg,"https://commons.wikimedia.org/wiki/File:Sojourner_Truth,_1870_(cropped,_restored).jpg",ok
images/Louisa_May_Alcott__c._1870_-_Warren_s_Portraits__Boston.jpg,Louisa May Alcott,Louisa May Alcott,1870,"Louisa May Alcott, c. 1870 - Warren's Portraits, Boston",https://upload.wikimedia.org/wikipedia/commons/thumb/8/82/Louisa_May_Alcott%2C_c._1870_-_Warren%27s_Portraits%2C_Boston.jpg/800px-Louisa_May_Alcott%2C_c._1870_-_Warren%27s_Portraits%2C_Boston.jpg,"https://commons.wikimedia.org/wiki/File:Louisa_May_Alcott,_c._1870_-_Warren%27s_Portraits,_Boston.jpg",ok
images/Victoria_Claflin_Woodhull_by_Mathew_Brady_-_Oval_Portrait.jpg,Victoria Claflin Woodhull,Victoria Woodhull,c. 1870,Victoria Claflin Woodhull by Mathew Brady - Oval Portrait,https://upload.wikimedia.org/wikipedia/commons/thumb/7/7e/Victoria_Claflin_Woodhull_by_Mathew_Brady_-_Oval_Portrait.jpg/800px-Victoria_Claflin_Woodhull_by_Mathew_Brady_-_Oval_Portrait.jpg,https://commons.wikimedia.org/wiki/File:Victoria_Claflin_Woodhull_by_Mathew_Brady_-_Oval_Portrait.jpg,ok
images/Edmonia_Lewis_by_Henry_Rocher.jpg,Edmonia Lewis,Edmonia Lewis,c. 1870,Edmonia Lewis by Henry Rocher,https://upload.wikimedia.org/wikipedia/commons/thumb/1/1c/Edmonia_Lewis_by_Henry_Rocher.jpg/800px-Edmonia_Lewis_by_Henry_Rocher.jpg,https://commons.wikimedia.org/wiki/File:Edmonia_Lewis_by_Henry_Rocher.jpg,ok
images/douard_Manet__en_buste__de_face_-_Nadar.jpg,Édouard Manet,Édouard Manet,1870,"Édouard Manet, en buste, de face - Nadar",https://upload.wikimedia.org/wikipedia/commons/thumb/2/20/%C3%89douard_Manet%2C_en_buste%2C_de_face_-_Nadar.jpg/800px-%C3%89douard_Manet%2C_en_buste%2C_de_face_-_Nadar.jpg,"https://commons.wikimedia.org/wiki/File:%C3%89douard_Manet,_en_buste,_de_face_-_Nadar.jpg",ok
images/President_Rutherford_Hayes_1870_-_1880_Restored.jpg,Rutherford Hayes,Rutherford B. Hayes,1870 - 1880,President Rutherford Hayes,https://upload.wikimedia.org/wikipedia/commons/thumb/5/50/President_Rutherford_Hayes_1870_-_1880_Restored.jpg/800px-President_Rutherford_Hayes_1870_-_1880_Restored.jpg,https://commons.wikimedia.org/wiki/File:President_Rutherford_Hayes_1870_-_1880_Restored.jpg,ok
images/Lucretia_Mott__signed_photo__by_F._Gutekunst.jpg,Lucretia Mott,Lucretia Mott,1870 - 1880,"Lucretia Mott, signed photo, by F. Gutekunst",https://upload.wikimedia.org/wikipedia/commons/thumb/0/03/Lucretia_Mott%2C_signed_photo%2C_by_F._Gutekunst.jpg/800px-Lucretia_Mott%2C_signed_photo%2C_by_F._Gutekunst.jpg,"https://commons.wikimedia.org/wiki/File:Lucretia_Mott,_signed_photo,_by_F._Gutekunst.jpg",ok
images/Naser_al-Din_Shah_Qajar__close_up__with_slight_smile_by_Nadar.jpg,Naser al-Din Shah Qajar,Naser al-Din Shah Qajar,"1873, 1878 or 1889","Naser al-Din Shah Qajar, close up, with slight smile by Nadar",https://upload.wikimedia.org/wikipedia/commons/thumb/6/62/Naser_al-Din_Shah_Qajar%2C_close_up%2C_with_slight_smile_by_Nadar.jpg/800px-Naser_al-Din_Shah_Qajar%2C_close_up%2C_with_slight_smile_by_Nadar.jpg,"https://commons.wikimedia.org/wiki/File:Naser_al-Din_Shah_Qajar,_close_up,_with_slight_smile_by_Nadar.jpg",ok
images/Atelier_Nadar_-_Jacques_Isnardon__Vaudeville.jpg,Jacques Isnardon,Jacques Isnardon,between 1875 and 1895,"Jacques Isnardon, Vaudeville",https://upload.wikimedia.org/wikipedia/commons/thumb/f/f1/Atelier_Nadar_-_Jacques_Isnardon%2C_Vaudeville.jpg/800px-Atelier_Nadar_-_Jacques_Isnardon%2C_Vaudeville.jpg,"https://commons.wikimedia.org/wiki/File:Atelier_Nadar_-_Jacques_Isnardon,_Vaudeville.jpg",ok
images/Georges_Ernest_Boulanger_by_Atelier_Nadar.jpg,Georges Ernest Boulanger,Georges Ernest Boulanger,"1875 - 1895, probably after 1880",Georges Ernest Boulanger by Atelier Nadar,https://upload.wikimedia.org/wikipedia/commons/thumb/f/f8/Georges_Ernest_Boulanger_by_Atelier_Nadar.jpg/800px-Georges_Ernest_Boulanger_by_Atelier_Nadar.jpg,https://commons.wikimedia.org/wiki/File:Georges_Ernest_Boulanger_by_Atelier_Nadar.jpg,ok
images/Mar_chal_Canrobert_by_Nadar.jpg,Maréchal Canrobert,François Certain de Canrobert,"1875 - 1895, probably after 1880",Maréchal Canrobert by Nadar,https://upload.wikimedia.org/wikipedia/commons/thumb/6/64/Mar%C3%A9chal_Canrobert_by_Nadar.jpg/800px-Mar%C3%A9chal_Canrobert_by_Nadar.jpg,https://commons.wikimedia.org/wiki/File:Mar%C3%A9chal_Canrobert_by_Nadar.jpg,ok
images/Victor_Hugo_by__tienne_Carjat_1876_-_full.jpg,Victor Hugo,Victor Hugo,1876,Victor Hugo by Étienne Carjat,https://upload.wikimedia.org/wikipedia/commons/thumb/e/e6/Victor_Hugo_by_%C3%89tienne_Carjat_1876_-_full.jpg/800px-Victor_Hugo_by_%C3%89tienne_Carjat_1876_-_full.jpg,https://commons.wikimedia.org/wiki/File:Victor_Hugo_by_%C3%89tienne_Carjat_1876_-_full.jpg,ok
images/Pedro_II_of_Brazil_-_Brady-Handy.jpg,Pedro II,Pedro II of Brazil,1876,Pedro II of Brazil,https://upload.wikimedia.org/wikipedia/commons/thumb/8/8a/Pedro_II_of_Brazil_-_Brady-Handy.jpg/800px-Pedro_II_of_Brazil_-_Brady-Handy.jpg,https://commons.wikimedia.org/wiki/File:Pedro_II_of_Brazil_-_Brady-Handy.jpg,ok
images/Andrew_George_Scott__alias_Captain_Moonlite.jpg,Andrew George Scott,Captain Moonlite,ca. 1879,"Andrew George Scott, alias Captain Moonlite",https://upload.wikimedia.org/wikipedia/commons/thumb/6/6a/Andrew_George_Scott%2C_alias_Captain_Moonlite.jpg/800px-Andrew_George_Scott%2C_alias_Captain_Moonlite.jpg,"https://commons.wikimedia.org/wiki/File:Andrew_George_Scott,_alias_Captain_Moonlite.jpg",ok
images/Blanche_Roosevelt_by_Mora.jpg,Blanche Roosevelt,Blanche Roosevelt,,Blanche Roosevelt by Mora,https://upload.wikimedia.org/wikipedia/commons/thumb/a/ab/Blanche_Roosevelt_by_Mora.jpg/800px-Blanche_Roosevelt_by_Mora.jpg,https://commons.wikimedia.org/wiki/File:Blanche_Roosevelt_by_Mora.jpg,ok
images/Blanche_Roosevelt_by_Napoleon_Sarony.jpg,Blanche Roosevelt,Blanche Roosevelt,,Blanche Roosevelt by Napoleon Sarony,https://upload.wikimedia.org/wikipedia/commons/thumb/7/72/Blanche_Roosevelt_by_Napoleon_Sarony.jpg/800px-Blanche_Roosevelt_by_Napoleon_Sarony.jpg,https://commons.wikimedia.org/wiki/File:Blanche_Roosevelt_by_Napoleon_Sarony.jpg,ok
images/Self-portrait_of_Abraham_Bogardus.jpg,Abraham Bogardus,Abraham Bogardus,,Self-portrait of Abraham Bogardus,https://upload.wikimedia.org/wikipedia/commons/thumb/f/f8/Self-portrait_of_Abraham_Bogardus.jpg/800px-Self-portrait_of_Abraham_Bogardus.jpg,https://commons.wikimedia.org/wiki/File:Self-portrait_of_Abraham_Bogardus.jpg,ok
images/Karl_Marx_by_John_Jabez_Edwin_Mayall_1875_-_Restored.png,Karl Marx,Karl Marx,,Karl Marx by John Jabez Edwin Mayall 1875 - Restored,https://upload.wikimedia.org/wikipedia/commons/thumb/b/b3/Karl_Marx_by_John_Jabez_Edwin_Mayall_1875_-_Restored.png/800px-Karl_Marx_by_John_Jabez_Edwin_Mayall_1875_-_Restored.png,https://commons.wikimedia.org/wiki/File:Karl_Marx_by_John_Jabez_Edwin_Mayall_1875_-_Restored.png,ok
images/Guzman_Blanco__Antonio__Gallica__Nadar.jpg,Guzman Blanco,Antonio Guzmán Blanco,,"Guzman Blanco, Antonio, Gallica, Nadar",https://upload.wikimedia.org/wikipedia/commons/thumb/6/68/Guzman_Blanco%2C_Antonio%2C_Gallica%2C_Nadar.jpg/800px-Guzman_Blanco%2C_Antonio%2C_Gallica%2C_Nadar.jpg,"https://commons.wikimedia.org/wiki/File:Guzman_Blanco,_Antonio,_Gallica,_Nadar.jpg",ok
images/Georgina_Weldon_by_Elliott___Fry.jpg,Georgina Weldon,Georgina Weldon,,Georgina Weldon by Elliott & Fry,https://upload.wikimedia.org/wikipedia/commons/thumb/c/cb/Georgina_Weldon_by_Elliott_%26_Fry.jpg/800px-Georgina_Weldon_by_Elliott_%26_Fry.jpg,https://commons.wikimedia.org/wiki/File:Georgina_Weldon_by_Elliott_%26_Fry.jpg,ok
images/Tom_Taylor_by_Lock_and_Whitfield.jpg,Tom Taylor,Tom Taylor,by 1880,Tom Taylor by Lock and Whitfield,https://upload.wikimedia.org/wikipedia/commons/thumb/8/86/Tom_Taylor_by_Lock_and_Whitfield.jpg/800px-Tom_Taylor_by_Lock_and_Whitfield.jpg,https://commons.wikimedia.org/wiki/File:Tom_Taylor_by_Lock_and_Whitfield.jpg,ok
images/Belva_Ann_Bennett_Lockwood.jpg,Belva Ann Bennett Lockwood,Belva Ann Lockwood,c. 1880,Belva Ann Bennett Lockwood,https://upload.wikimedia.org/wikipedia/commons/thumb/e/e7/Belva_Ann_Bennett_Lockwood.jpg/800px-Belva_Ann_Bennett_Lockwood.jpg,https://commons.wikimedia.org/wiki/File:Belva_Ann_Bennett_Lockwood.jpg,ok
images/Edward_Mitchell_Bannister_by_Gustine_L._Hurd.jpg,Edward Mitchell Bannister,Edward Mitchell Bannister,c. 1880,Edward Mitchell Bannister by Gustine L. Hurd,https://upload.wikimedia.org/wikipedia/commons/thumb/8/85/Edward_Mitchell_Bannister_by_Gustine_L._Hurd.jpg/800px-Edward_Mitchell_Bannister_by_Gustine_L._Hurd.jpg,https://commons.wikimedia.org/wiki/File:Edward_Mitchell_Bannister_by_Gustine_L._Hurd.jpg,ok
images/Charles_Follen_McKim_by_Frances_Benjamin_Johnston.jpg,Charles Follen McKim,Charles Follen McKim,1880-1909,Charles Follen McKim,https://upload.wikimedia.org/wikipedia/commons/thumb/d/d4/Charles_Follen_McKim_by_Frances_Benjamin_Johnston.jpg/800px-Charles_Follen_McKim_by_Frances_Benjamin_Johnston.jpg,https://commons.wikimedia.org/wiki/File:Charles_Follen_McKim_by_Frances_Benjamin_Johnston.jpg,ok
images/James_Abram_Garfield__photo_portrait_seated.jpg,James Abram Garfield,James A. Garfield,1881,"James Abram Garfield, photo portrait seated",https://upload.wikimedia.org/wikipedia/commons/thumb/1/1f/James_Abram_Garfield%2C_photo_portrait_seated.jpg/800px-James_Abram_Garfield%2C_photo_portrait_seated.jpg,"https://commons.wikimedia.org/wiki/File:James_Abram_Garfield,_photo_portrait_seated.jpg",ok
images/Henry_Highland_Garnet_by_James_U._Stead.jpg,Henry Highland Garnet,Henry Highland Garnet,c. 1881,Henry Highland Garnet by James U. Stead,https://upload.wikimedia.org/wikipedia/commons/thumb/e/e2/Henry_Highland_Garnet_by_James_U._Stead.jpg/800px-Henry_Highland_Garnet_by_James_U._Stead.jpg,https://commons.wikimedia.org/wiki/File:Henry_Highland_Garnet_by_James_U._Stead.jpg,ok
images/A_Wilde_time_3.jpg,Oscar Wilde,Oscar Wilde,1882,Oscar Wilde,https://upload.wikimedia.org/wikipedia/commons/thumb/c/cf/A_Wilde_time_3.jpg/800px-A_Wilde_time_3.jpg,https://commons.wikimedia.org/wiki/File:A_Wilde_time_3.jpg,ok
images/Oscar_Wilde_by_Napoleon_Sarony._Three-quarter-length_ph_03e0cabf.jpg,Oscar Wilde,Oscar Wilde,1882,"Oscar Wilde by Napoleon Sarony. Three-quarter-length photograph, seated",https://upload.wikimedia.org/wikipedia/commons/thumb/4/44/Oscar_Wilde_by_Napoleon_Sarony._Three-quarter-length_photograph%2C_seated.jpg/800px-Oscar_Wilde_by_Napoleon_Sarony._Three-quarter-length_photograph%2C_seated.jpg,"https://commons.wikimedia.org/wiki/File:Oscar_Wilde_by_Napoleon_Sarony._Three-quarter-length_photograph,_seated.jpg",ok
images/Nathan_Francis_Mossell__1856-1946__M.D._1882__portrait__7ecb1dae.jpg,Nathan Francis Mossell,Nathan Francis Mossell,1882,"Nathan Francis Mossell (1856-1946), M.D. 1882, portrait photograph by H.D. Carns & Co; Image ID 27593990",https://upload.wikimedia.org/wikipedia/commons/thumb/0/0a/Nathan_Francis_Mossell_%281856-1946%29%2C_M.D._1882%2C_portrait_photograph_by_H.D._Carns_%26_Co%3B_Image_ID_27593990.jpg/800px-Nathan_Francis_Mossell_%281856-1946%29%2C_M.D._1882%2C_portrait_photograph_by_H.D._Carns_%26_Co%3B_Image_ID_27593990.jpg,"https://commons.wikimedia.org/wiki/File:Nathan_Francis_Mossell_(1856-1946),_M.D._1882,_portrait_photograph_by_H.D._Carns_%26_Co;_Image_ID_27593990.jpg",ok
images/Granville_Stuart_1883_by_L._A._Huffman.jpg,Granville Stuart,Granville Stuart,1883,Granville Stuart 1883 by L. A. Huffman,https://upload.wikimedia.org/wikipedia/commons/thumb/8/8b/Granville_Stuart_1883_by_L._A._Huffman.jpg/800px-Granville_Stuart_1883_by_L._A._Huffman.jpg,https://commons.wikimedia.org/wiki/File:Granville_Stuart_1883_by_L._A._Huffman.jpg,ok
images/Jules_Verne_by__tienne_Carjat.jpg,Jules Verne,Jules Verne,1884,Jules Verne by Étienne Carjat,https://upload.wikimedia.org/wikipedia/commons/thumb/4/4b/Jules_Verne_by_%C3%89tienne_Carjat.jpg/800px-Jules_Verne_by_%C3%89tienne_Carjat.jpg,https://commons.wikimedia.org/wiki/File:Jules_Verne_by_%C3%89tienne_Carjat.jpg,ok
images/Thomas_Mundy_Peterson_by_William_R._Tobias.jpg,Thomas Mundy Peterson,Thomas Mundy Peterson,1884,Thomas Mundy Peterson by William R. Tobias,https://upload.wikimedia.org/wikipedia/commons/thumb/e/e7/Thomas_Mundy_Peterson_by_William_R._Tobias.jpg/800px-Thomas_Mundy_Peterson_by_William_R._Tobias.jpg,https://commons.wikimedia.org/wiki/File:Thomas_Mundy_Peterson_by_William_R._Tobias.jpg,ok
images/Amanda_Berry_Smith_by_T._B._Latchmore.jpg,Amanda Berry Smith,Amanda Smith,c. 1885,Amanda Berry Smith by T. B. Latchmore,https://upload.wikimedia.org/wikipedia/commons/thumb/b/bf/Amanda_Berry_Smith_by_T._B._Latchmore.jpg/800px-Amanda_Berry_Smith_by_T._B._Latchmore.jpg,https://commons.wikimedia.org/wiki/File:Amanda_Berry_Smith_by_T._B._Latchmore.jpg,ok
images/Frances_Folsom_Cleveland__by_Charles_Milton_Bell.jpg,Frances Folsom Cleveland,Frances Cleveland,1886,"Frances Folsom Cleveland, by Charles Milton Bell",https://upload.wikimedia.org/wikipedia/commons/thumb/2/23/Frances_Folsom_Cleveland%2C_by_Charles_Milton_Bell.jpg/800px-Frances_Folsom_Cleveland%2C_by_Charles_Milton_Bell.jpg,"https://commons.wikimedia.org/wiki/File:Frances_Folsom_Cleveland,_by_Charles_Milton_Bell.jpg",ok
images/William_John_Macquorn_Rankine_by_Thomas_Annan.jpg,William John Macquorn Rankine,W. J. M. Rankine,1887,William John Macquorn Rankine by Thomas Annan,https://upload.wikimedia.org/wikipedia/commons/thumb/e/e9/William_John_Macquorn_Rankine_by_Thomas_Annan.jpg/800px-William_John_Macquorn_Rankine_by_Thomas_Annan.jpg,https://commons.wikimedia.org/wiki/File:William_John_Macquorn_Rankine_by_Thomas_Annan.jpg,ok
images/Sergius_Stepniak_by_Elliott___Fry.jpg,Sergius Stepniak,Sergei Stepniak,1880s,Sergius Stepniak by Elliott & Fry,https://upload.wikimedia.org/wikipedia/commons/thumb/7/71/Sergius_Stepniak_by_Elliott_%26_Fry.jpg/800px-Sergius_Stepniak_by_Elliott_%26_Fry.jpg,https://commons.wikimedia.org/wiki/File:Sergius_Stepniak_by_Elliott_%26_Fry.jpg,ok
images/Chester_A._Arthur_by_Abraham_Bogardus.jpg,Chester A. Arthur,Chester A. Arthur,1880s,Chester A. Arthur by Abraham Bogardus,https://upload.wikimedia.org/wikipedia/commons/thumb/0/01/Chester_A._Arthur_by_Abraham_Bogardus.jpg/800px-Chester_A._Arthur_by_Abraham_Bogardus.jpg,https://commons.wikimedia.org/wiki/File:Chester_A._Arthur_by_Abraham_Bogardus.jpg,ok
images/Helen_Hunt_Jackson_by_Charles_F._Conly.jpg,Helen Hunt Jackson,Helen Hunt Jackson,,Helen Hunt Jackson by Charles F. Conly,https://upload.wikimedia.org/wikipedia/commons/thumb/3/3c/Helen_Hunt_Jackson_by_Charles_F._Conly.jpg/800px-Helen_Hunt_Jackson_by_Charles_F._Conly.jpg,https://commons.wikimedia.org/wiki/File:Helen_Hunt_Jackson_by_Charles_F._Conly.jpg,ok
images/Robert_Browning_by_Herbert_Rose_Barraud__circa_1888.jpg,Robert Browning,Robert Browning,,"Robert Browning by Herbert Rose Barraud, circa 1888",https://upload.wikimedia.org/wikipedia/commons/thumb/3/3a/Robert_Browning_by_Herbert_Rose_Barraud%2C_circa_1888.jpg/800px-Robert_Browning_by_Herbert_Rose_Barraud%2C_circa_1888.jpg,"https://commons.wikimedia.org/wiki/File:Robert_Browning_by_Herbert_Rose_Barraud,_circa_1888.jpg",ok
images/Lysander_Spooner_by_Hardy.jpg,Lysander Spooner,Lysander Spooner,,Lysander Spooner by Hardy,https://upload.wikimedia.org/wikipedia/commons/thumb/4/43/Lysander_Spooner_by_Hardy.jpg/800px-Lysander_Spooner_by_Hardy.jpg,https://commons.wikimedia.org/wiki/File:Lysander_Spooner_by_Hardy.jpg,ok
images/Wilhelm_Conrad_R_ntgen__1888-1900__88374_p.jpg,Wilhelm Conrad Röntgen,Wilhelm Röntgen,,"Wilhelm Conrad Röntgen (1888-1900), 88374 p",https://upload.wikimedia.org/wikipedia/commons/thumb/e/ec/Wilhelm_Conrad_R%C3%B6ntgen_%281888-1900%29%2C_88374_p.jpg/800px-Wilhelm_Conrad_R%C3%B6ntgen_%281888-1900%29%2C_88374_p.jpg,"https://commons.wikimedia.org/wiki/File:Wilhelm_Conrad_R%C3%B6ntgen_(1888-1900),_88374_p.jpg",ok
images/Alexander_Graham_Bell_1895_NPG_77_363.jpg,Alexander Graham Bell,Alexander Graham Bell,,Alexander Graham Bell 1895 NPG 77 363,https://upload.wikimedia.org/wikipedia/commons/thumb/9/9c/Alexander_Graham_Bell_1895_NPG_77_363.jpg/800px-Alexander_Graham_Bell_1895_NPG_77_363.jpg,https://commons.wikimedia.org/wiki/File:Alexander_Graham_Bell_1895_NPG_77_363.jpg,ok
images/Santa_Claus_LCCN95504975.jpg,Santa Claus,Santa Claus,,Santa Claus LCCN95504975,https://upload.wikimedia.org/wikipedia/commons/thumb/f/f3/Santa_Claus_LCCN95504975.jpg/800px-Santa_Claus_LCCN95504975.jpg,https://commons.wikimedia.org/wiki/File:Santa_Claus_LCCN95504975.jpg,ok
images/Charles_Gounod__1890__by_Nadar.jpg,Charles Gounod,Charles Gounod,1890,Charles Gounod by Nadar,https://upload.wikimedia.org/wikipedia/commons/thumb/e/e4/Charles_Gounod_%281890%29_by_Nadar.jpg/800px-Charles_Gounod_%281890%29_by_Nadar.jpg,https://commons.wikimedia.org/wiki/File:Charles_Gounod_(1890)_by_Nadar.jpg,ok
images/Paul_Nadar_-_Henri_Becquerel.jpg,Henri Becquerel,Henri Becquerel,1890-1908,Henri Becquerel,https://upload.wikimedia.org/wikipedia/commons/thumb/0/05/Paul_Nadar_-_Henri_Becquerel.jpg/800px-Paul_Nadar_-_Henri_Becquerel.jpg,https://commons.wikimedia.org/wiki/File:Paul_Nadar_-_Henri_Becquerel.jpg,ok
images/Mattie_Edwards_Hewitt_-_half-length_photo_by_Frances_Be_3651289b.jpg,Mattie Edwards Hewitt,Mattie Edwards Hewitt,1890-1910,Mattie Edwards Hewitt,https://upload.wikimedia.org/wikipedia/commons/thumb/6/66/Mattie_Edwards_Hewitt_-_half-length_photo_by_Frances_Benjamin_Johnston.jpg/800px-Mattie_Edwards_Hewitt_-_half-length_photo_by_Frances_Benjamin_Johnston.jpg,https://commons.wikimedia.org/wiki/File:Mattie_Edwards_Hewitt_-_half-length_photo_by_Frances_Benjamin_Johnston.jpg,ok
images/Liliuokalani__c._1891.jpg,Liliuokalani,Liliʻuokalani,1891,"Liliuokalani, c. 1891",https://upload.wikimedia.org/wikipedia/commons/thumb/6/64/Liliuokalani%2C_c._1891.jpg/800px-Liliuokalani%2C_c._1891.jpg,"https://commons.wikimedia.org/wiki/File:Liliuokalani,_c._1891.jpg",ok
images/La_Belle_Otero__par_Jean_Reutlinger__sepia.jpg,La Belle Otero,La Belle Otero,between 1891 and 1914,La Belle Otero,https://upload.wikimedia.org/wikipedia/commons/thumb/9/99/La_Belle_Otero%2C_par_Jean_Reutlinger%2C_sepia.jpg/800px-La_Belle_Otero%2C_par_Jean_Reutlinger%2C_sepia.jpg,"https://commons.wikimedia.org/wiki/File:La_Belle_Otero,_par_Jean_Reutlinger,_sepia.jpg",ok
images/Fausta_Labia__portr_tt_-_SMV_-_H5_028_-_Restoration.jpg,Fausta Labia,Fausta Labia,1893,"Fausta Labia, porträtt - SMV - H5 028 - Restoration",https://upload.wikimedia.org/wikipedia/commons/thumb/f/f5/Fausta_Labia%2C_portr%C3%A4tt_-_SMV_-_H5_028_-_Restoration.jpg/800px-Fausta_Labia%2C_portr%C3%A4tt_-_SMV_-_H5_028_-_Restoration.jpg,"https://commons.wikimedia.org/wiki/File:Fausta_Labia,_portr%C3%A4tt_-_SMV_-_H5_028_-_Restoration.jpg",ok
images/Mary_Garrity_-_Ida_B._Wells-Barnett_-_Google_Art_Projec_3733943f.jpg,Ida B. Wells-Barnett,Ida B. Wells,ca. 1893,Ida B. Wells-Barnett,https://upload.wikimedia.org/wikipedia/commons/thumb/f/fd/Mary_Garrity_-_Ida_B._Wells-Barnett_-_Google_Art_Project_-_restoration_crop.jpg/800px-Mary_Garrity_-_Ida_B._Wells-Barnett_-_Google_Art_Project_-_restoration_crop.jpg,https://commons.wikimedia.org/wiki/File:Mary_Garrity_-_Ida_B._Wells-Barnett_-_Google_Art_Project_-_restoration_crop.jpg,ok
images/Wilhelm_Benque_-_Photograph_of_Ambroise_Thomas.jpg,Ambroise Thomas,Ambroise Thomas,c. 1894,Ambroise Thomas,https://upload.wikimedia.org/wikipedia/commons/thumb/3/3f/Wilhelm_Benque_-_Photograph_of_Ambroise_Thomas.jpg/800px-Wilhelm_Benque_-_Photograph_of_Ambroise_Thomas.jpg,https://commons.wikimedia.org/wiki/File:Wilhelm_Benque_-_Photograph_of_Ambroise_Thomas.jpg,ok
images/Bertillon__Alphonse__fiche_anthropom_trique_recto-verso.jpg,Alphonse Bertillon,Alphonse Bertillon,1893,Alphonse Bertillon,https://upload.wikimedia.org/wikipedia/commons/thumb/4/40/Bertillon%2C_Alphonse%2C_fiche_anthropom%C3%A9trique_recto-verso.jpg/800px-Bertillon%2C_Alphonse%2C_fiche_anthropom%C3%A9trique_recto-verso.jpg,"https://commons.wikimedia.org/wiki/File:Bertillon,_Alphonse,_fiche_anthropom%C3%A9trique_recto-verso.jpg",ok
images/Portrait_of_Charles_Nettleton_1893_Talma___Co._H3995.jpg,Charles Nettleton,Charles Nettleton,1893,Portrait of Charles Nettleton 1893 Talma & Co. H3995,https://upload.wikimedia.org/wikipedia/commons/thumb/7/7e/Portrait_of_Charles_Nettleton_1893_Talma_%26_Co._H3995.jpg/800px-Portrait_of_Charles_Nettleton_1893_Talma_%26_Co._H3995.jpg,https://commons.wikimedia.org/wiki/File:Portrait_of_Charles_Nettleton_1893_Talma_%26_Co._H3995.jpg,ok
images/Louis_Pasteur__foto_av_Paul_Nadar__Crisco_edit.jpg,Louis Pasteur,Louis Pasteur,1895,"Louis Pasteur, photo by Paul Nadar",https://upload.wikimedia.org/wikipedia/commons/thumb/a/a6/Louis_Pasteur%2C_foto_av_Paul_Nadar%2C_Crisco_edit.jpg/800px-Louis_Pasteur%2C_foto_av_Paul_Nadar%2C_Crisco_edit.jpg,"https://commons.wikimedia.org/wiki/File:Louis_Pasteur,_foto_av_Paul_Nadar,_Crisco_edit.jpg",ok
images/Booker_T._Washington_by_Francis_Benjamin_Johnston__c._1895.jpg,Booker T. Washington,Booker T. Washington,c. 1895,"Booker T. Washington by Francis Benjamin Johnston, c. 1895",https://upload.wikimedia.org/wikipedia/commons/thumb/4/45/Booker_T._Washington_by_Francis_Benjamin_Johnston%2C_c._1895.jpg/800px-Booker_T._Washington_by_Francis_Benjamin_Johnston%2C_c._1895.jpg,"https://commons.wikimedia.org/wiki/File:Booker_T._Washington_by_Francis_Benjamin_Johnston,_c._1895.jpg",ok
images/Ethel_Reed__ca._1895__by_Frances_Benjamin_Johnston.jpg,Ethel Reed,Ethel Reed,c. 1895,Ethel Reed (ca. 1895),https://upload.wikimedia.org/wikipedia/commons/thumb/8/8c/Ethel_Reed_%28ca._1895%29_by_Frances_Benjamin_Johnston.jpg/800px-Ethel_Reed_%28ca._1895%29_by_Frances_Benjamin_Johnston.jpg,https://commons.wikimedia.org/wiki/File:Ethel_Reed_(ca._1895)_by_Frances_Benjamin_Johnston.jpg,ok
images/Aletta_Jacobs__1895-1905.jpg,Aletta Jacobs,Aletta Jacobs,between 1895 and 1905,"Dr. Aletta Jacobs, Dutch suffragette, first female Dutch university graduate and first Dutch female physician",https://upload.wikimedia.org/wikipedia/commons/thumb/d/d0/Aletta_Jacobs%2C_1895-1905.jpg/800px-Aletta_Jacobs%2C_1895-1905.jpg,"https://commons.wikimedia.org/wiki/File:Aletta_Jacobs,_1895-1905.jpg",ok
images/Frances_Benjamin_Johnston__Self-Portrait__as__New_Woman__1896.jpg,Frances Benjamin Johnston,Frances Benjamin Johnston,1896,Frances Benjamin Johnston,https://upload.wikimedia.org/wikipedia/commons/thumb/2/24/Frances_Benjamin_Johnston%2C_Self-Portrait_%28as_%22New_Woman%22%29%2C_1896.jpg/800px-Frances_Benjamin_Johnston%2C_Self-Portrait_%28as_%22New_Woman%22%29%2C_1896.jpg,"https://commons.wikimedia.org/wiki/File:Frances_Benjamin_Johnston,_Self-Portrait_(as_%22New_Woman%22),_1896.jpg",ok
images/Mrs._Fiske___Love_finds_the_way__-_Zaida_Ben_Yusuf._LCC_dc026083.jpg,Fiske,Fiske,1896,"Mrs. Fiske, ""Love finds the way"" - Zaida Ben Yusuf. LCCN2006677585 - Restoration, levels tweaked",https://upload.wikimedia.org/wikipedia/commons/thumb/6/65/Mrs._Fiske%2C_%22Love_finds_the_way%22_-_Zaida_Ben_Yusuf._LCCN2006677585_-_Restoration%2C_levels_tweaked.jpg/800px-Mrs._Fiske%2C_%22Love_finds_the_way%22_-_Zaida_Ben_Yusuf._LCCN2006677585_-_Restoration%2C_levels_tweaked.jpg,"https://commons.wikimedia.org/wiki/File:Mrs._Fiske,_%22Love_finds_the_way%22_-_Zaida_Ben_Yusuf._LCCN2006677585_-_Restoration,_levels_tweaked.jpg",ok
images/Leo_Tolstoy_1897__black_and_white__37767u.jpg,Leo Tolstoy,Leo Tolstoy,1897,Leo Tolstoy,https://upload.wikimedia.org/wikipedia/commons/thumb/6/66/Leo_Tolstoy_1897%2C_black_and_white%2C_37767u.jpg/800px-Leo_Tolstoy_1897%2C_black_and_white%2C_37767u.jpg,"https://commons.wikimedia.org/wiki/File:Leo_Tolstoy_1897,_black_and_white,_37767u.jpg",ok
images/Elsie_Leslie__1899__by_Zaida_Ben-Yusuf.jpg,Elsie Leslie,Elsie Leslie,1899,Elsie Leslie (1899),https://upload.wikimedia.org/wikipedia/commons/thumb/b/b6/Elsie_Leslie_%281899%29_by_Zaida_Ben-Yusuf.jpg/800px-Elsie_Leslie_%281899%29_by_Zaida_Ben-Yusuf.jpg,https://commons.wikimedia.org/wiki/File:Elsie_Leslie_(1899)_by_Zaida_Ben-Yusuf.jpg,ok
images/Johann_Strauss_II_by_Fritz_Luckhardt.jpg,Johann Strauss II,Johann Strauss II,1899,Johann Strauss II by Fritz Luckhardt,https://upload.wikimedia.org/wikipedia/commons/thumb/6/67/Johann_Strauss_II_by_Fritz_Luckhardt.jpg/800px-Johann_Strauss_II_by_Fritz_Luckhardt.jpg,https://commons.wikimedia.org/wiki/File:Johann_Strauss_II_by_Fritz_Luckhardt.jpg,ok
images/Pedro_II_of_Brazil_by_Nadar.jpg,Pedro II,Pedro II of Brazil,,Pedro II of Brazil by Nadar,https://upload.wikimedia.org/wikipedia/commons/thumb/c/c6/Pedro_II_of_Brazil_by_Nadar.jpg/800px-Pedro_II_of_Brazil_by_Nadar.jpg,https://commons.wikimedia.org/wiki/File:Pedro_II_of_Brazil_by_Nadar.jpg,ok
images/Paul_Nadar___Autoportrait_au_bureau_de_l_atelier__rue_d_Anjou.jpg,Paul Nadar,Paul Nadar,,"Paul Nadar, ""Autoportrait au bureau de l'atelier, rue d'Anjou""",https://upload.wikimedia.org/wikipedia/commons/thumb/3/33/Paul_Nadar%2C_%22Autoportrait_au_bureau_de_l%27atelier%2C_rue_d%27Anjou%22.jpg/800px-Paul_Nadar%2C_%22Autoportrait_au_bureau_de_l%27atelier%2C_rue_d%27Anjou%22.jpg,"https://commons.wikimedia.org/wiki/File:Paul_Nadar,_%22Autoportrait_au_bureau_de_l%27atelier,_rue_d%27Anjou%22.jpg",ok
images/Self_portrait_of_Edward_Sheriff_Curtis.jpg,Edward Sheriff Curtis,Edward S. Curtis,,Self portrait of Edward Sheriff Curtis,https://upload.wikimedia.org/wikipedia/commons/thumb/e/e4/Self_portrait_of_Edward_Sheriff_Curtis.jpg/800px-Self_portrait_of_Edward_Sheriff_Curtis.jpg,https://commons.wikimedia.org/wiki/File:Self_portrait_of_Edward_Sheriff_Curtis.jpg,ok
images/Claude_Debussy_by_Atelier_Nadar.jpg,Claude Debussy,Claude Debussy,,Claude Debussy by Atelier Nadar,https://upload.wikimedia.org/wikipedia/commons/thumb/c/c3/Claude_Debussy_by_Atelier_Nadar.jpg/800px-Claude_Debussy_by_Atelier_Nadar.jpg,https://commons.wikimedia.org/wiki/File:Claude_Debussy_by_Atelier_Nadar.jpg,ok
images/Alberto_Santos-Dumont_by_Nadar.jpg,Alberto Santos-Dumont,Alberto Santos-Dumont,,Alberto Santos-Dumont by Nadar,https://upload.wikimedia.org/wikipedia/commons/thumb/a/a6/Alberto_Santos-Dumont_by_Nadar.jpg/800px-Alberto_Santos-Dumont_by_Nadar.jpg,https://commons.wikimedia.org/wiki/File:Alberto_Santos-Dumont_by_Nadar.jpg,ok
images/Ottmar_Mergenthaler__at_approximately_45_years_old.jpg,Ottmar Mergenthaler,Ottmar Mergenthaler,,"Ottmar Mergenthaler, at approximately 45 years old",https://upload.wikimedia.org/wikipedia/commons/thumb/2/2b/Ottmar_Mergenthaler%2C_at_approximately_45_years_old.jpg/800px-Ottmar_Mergenthaler%2C_at_approximately_45_years_old.jpg,"https://commons.wikimedia.org/wiki/File:Ottmar_Mergenthaler,_at_approximately_45_years_old.jpg",ok
images/Machado_de_Assis_by_Marc_Ferrez.jpg,Machado de Assis,Machado de Assis,,Machado de Assis by Marc Ferrez.jpg/2,https://upload.wikimedia.org/wikipedia/commons/thumb/e/ef/Machado_de_Assis_by_Marc_Ferrez.jpg/800px-Machado_de_Assis_by_Marc_Ferrez.jpg,https://commons.wikimedia.org/wiki/File:Machado_de_Assis_by_Marc_Ferrez.jpg,ok
images/Charlotte_Perkins_Gilman_c._1900.jpg,Charlotte Perkins Gilman,Charlotte Perkins Gilman,ca.1900,Charlotte Perkins Gilman,https://upload.wikimedia.org/wikipedia/commons/thumb/0/00/Charlotte_Perkins_Gilman_c._1900.jpg/800px-Charlotte_Perkins_Gilman_c._1900.jpg,https://commons.wikimedia.org/wiki/File:Charlotte_Perkins_Gilman_c._1900.jpg,ok
images/Peary.jpg,Robert Peary,Robert Peary,ca.1900,"Robert Peary (1856–1920), US Navy rear admiral, engineer and North Pole explorer",https://upload.wikimedia.org/wikipedia/commons/thumb/1/15/Peary.jpg/800px-Peary.jpg,https://commons.wikimedia.org/wiki/File:Peary.jpg,ok
images/Philippe_Chaperon_by_Atelier_Nadar.jpg,Philippe Chaperon,Philippe Chaperon,1900,Philippe Chaperon by Atelier Nadar,https://upload.wikimedia.org/wikipedia/commons/thumb/b/bd/Philippe_Chaperon_by_Atelier_Nadar.jpg/800px-Philippe_Chaperon_by_Atelier_Nadar.jpg,https://commons.wikimedia.org/wiki/File:Philippe_Chaperon_by_Atelier_Nadar.jpg,ok
images/Charlie_Chaplin_in_unknown_year.jpg,Charlie Chaplin,Charlie Chaplin,1900-1910,Charlie Chaplin,https://upload.wikimedia.org/wikipedia/commons/thumb/f/fe/Charlie_Chaplin_in_unknown_year.jpg/800px-Charlie_Chaplin_in_unknown_year.jpg,https://commons.wikimedia.org/wiki/File:Charlie_Chaplin_in_unknown_year.jpg,ok
images/Voltairine_de_Cleyre__Age_35.jpg,Voltairine de Cleyre,Voltairine de Cleyre,1901,Voltairine de Cleyre (Age 35),https://upload.wikimedia.org/wikipedia/commons/thumb/6/6a/Voltairine_de_Cleyre_%28Age_35%29.jpg/800px-Voltairine_de_Cleyre_%28Age_35%29.jpg,https://commons.wikimedia.org/wiki/File:Voltairine_de_Cleyre_(Age_35).jpg,ok
images/Anna_Fernqvist__rollportr_tt_-_SMV_-_H1_122_-_Restoration.jpg,Anna Fernqvist,Anna Bartels,1901,"Anna Fernqvist, rollporträtt - SMV - H1 122 - Restoration",https://upload.wikimedia.org/wikipedia/commons/thumb/4/48/Anna_Fernqvist%2C_rollportr%C3%A4tt_-_SMV_-_H1_122_-_Restoration.jpg/800px-Anna_Fernqvist%2C_rollportr%C3%A4tt_-_SMV_-_H1_122_-_Restoration.jpg,"https://commons.wikimedia.org/wiki/File:Anna_Fernqvist,_rollportr%C3%A4tt_-_SMV_-_H1_122_-_Restoration.jpg",ok
images/William_Harvey_Carney_by_James_E_Reed_-_Restoration.jpg,William Harvey Carney,William Harvey Carney,between 1901 and 1908,William Harvey Carney by James E Reed - Restoration,https://upload.wikimedia.org/wikipedia/commons/thumb/6/63/William_Harvey_Carney_by_James_E_Reed_-_Restoration.jpg/800px-William_Harvey_Carney_by_James_E_Reed_-_Restoration.jpg,https://commons.wikimedia.org/wiki/File:William_Harvey_Carney_by_James_E_Reed_-_Restoration.jpg,ok
images/Edith_Kermit_Carow_Roosevelt_by_Frances_Benjamin_Johnston.jpg,Edith Kermit Carow Roosevelt,Edith Roosevelt,1903,Edith Kermit Carow Roosevelt by Frances Benjamin Johnston,https://upload.wikimedia.org/wikipedia/commons/thumb/4/4e/Edith_Kermit_Carow_Roosevelt_by_Frances_Benjamin_Johnston.jpg/800px-Edith_Kermit_Carow_Roosevelt_by_Frances_Benjamin_Johnston.jpg,https://commons.wikimedia.org/wiki/File:Edith_Kermit_Carow_Roosevelt_by_Frances_Benjamin_Johnston.jpg,ok
images/Alice_Roosevelt_by_Frances_Benjamin_Johnston.jpg,Alice Roosevelt,Alice Roosevelt Longworth,1903,Alice Roosevelt by Frances Benjamin Johnston,https://upload.wikimedia.org/wikipedia/commons/thumb/6/6f/Alice_Roosevelt_by_Frances_Benjamin_Johnston.jpg/800px-Alice_Roosevelt_by_Frances_Benjamin_Johnston.jpg,https://commons.wikimedia.org/wiki/File:Alice_Roosevelt_by_Frances_Benjamin_Johnston.jpg,ok
images/Ida_M._Tarbell.jpg,Ida M. Tarbell,Ida Tarbell,1904,Ida M. Tarbell,https://upload.wikimedia.org/wikipedia/commons/thumb/9/9e/Ida_M._Tarbell.jpg/800px-Ida_M._Tarbell.jpg,https://commons.wikimedia.org/wiki/File:Ida_M._Tarbell.jpg,ok
images/Nettie_Maria_Stevens.jpg,Nettie Maria Stevens,Nettie Stevens,1904,Nettie Maria Stevens,https://upload.wikimedia.org/wikipedia/commons/thumb/a/aa/Nettie_Maria_Stevens.jpg/800px-Nettie_Maria_Stevens.jpg,https://commons.wikimedia.org/wiki/File:Nettie_Maria_Stevens.jpg,ok
images/Samuel_Coleridge-Taylor.jpg,Samuel Coleridge-Taylor,Samuel Coleridge-Taylor,1905,Samuel Coleridge-Taylor,https://upload.wikimedia.org/wikipedia/commons/thumb/b/b6/Samuel_Coleridge-Taylor.jpg/800px-Samuel_Coleridge-Taylor.jpg,https://commons.wikimedia.org/wiki/File:Samuel_Coleridge-Taylor.jpg,ok
images/Hollow_Horn_Bear_LCCN_2016858434__2___cropped.jpg,Hollow Horn Bear,Hollow Horn Bear,1905-1913,Hollow Horn Bear LCCN 2016858434 (2) (cropped),https://upload.wikimedia.org/wikipedia/commons/thumb/0/02/Hollow_Horn_Bear_LCCN_2016858434_%282%29_%28cropped%29.jpg/800px-Hollow_Horn_Bear_LCCN_2016858434_%282%29_%28cropped%29.jpg,https://commons.wikimedia.org/wiki/File:Hollow_Horn_Bear_LCCN_2016858434_(2)_(cropped).jpg,ok
images/Ray_Strachey_restored.jpg,Ray Strachey,Ray Strachey,1906-1912,"Ray Strachey, between 1906 and 1912",https://upload.wikimedia.org/wikipedia/commons/thumb/2/2b/Ray_Strachey_restored.jpg/800px-Ray_Strachey_restored.jpg,https://commons.wikimedia.org/wiki/File:Ray_Strachey_restored.jpg,ok
images/Pach_Brothers_-_George_Foster_Peabody.jpg,George Foster Peabody,George Foster Peabody,1907,George Foster Peabody,https://upload.wikimedia.org/wikipedia/commons/thumb/3/3d/Pach_Brothers_-_George_Foster_Peabody.jpg/800px-Pach_Brothers_-_George_Foster_Peabody.jpg,https://commons.wikimedia.org/wiki/File:Pach_Brothers_-_George_Foster_Peabody.jpg,ok
images/W.E.B._Du_Bois_by_James_E._Purdy__1907.jpg,W.E.B. Du Bois,W. E. B. Du Bois,1907,"W.E.B. Du Bois by James E. Purdy, 1907",https://upload.wikimedia.org/wikipedia/commons/thumb/d/d3/W.E.B._Du_Bois_by_James_E._Purdy%2C_1907.jpg/800px-W.E.B._Du_Bois_by_James_E._Purdy%2C_1907.jpg,"https://commons.wikimedia.org/wiki/File:W.E.B._Du_Bois_by_James_E._Purdy,_1907.jpg",ok
images/Nelly_Martyl_by_Jean_Reutlinger__Image_10715.jpg,Nelly Martyl,Nelly Martyl,between 1907 and 1912,Nelly Martyl by Jean Reutlinger,https://upload.wikimedia.org/wikipedia/commons/thumb/f/f4/Nelly_Martyl_by_Jean_Reutlinger_%28Image_10715%29.jpg/800px-Nelly_Martyl_by_Jean_Reutlinger_%28Image_10715%29.jpg,https://commons.wikimedia.org/wiki/File:Nelly_Martyl_by_Jean_Reutlinger_(Image_10715).jpg,ok
images/Carl_Nielsen_c._1908_-_Restoration.jpg,Carl Nielsen,Carl Nielsen,ca.1908,Carl Nielsen,https://upload.wikimedia.org/wikipedia/commons/thumb/5/5d/Carl_Nielsen_c._1908_-_Restoration.jpg/800px-Carl_Nielsen_c._1908_-_Restoration.jpg,https://commons.wikimedia.org/wiki/File:Carl_Nielsen_c._1908_-_Restoration.jpg,ok
images/NPG_2010_112_Lucia_Chamberlain_by_Zaida_Ben-Yusuf.jpg,Lucia Chamberlain,Lucia Chamberlain,1908,Lucia Chamberlain by Zaida Ben-Yusuf.jpg/2,https://upload.wikimedia.org/wikipedia/commons/thumb/f/fb/NPG_2010_112_Lucia_Chamberlain_by_Zaida_Ben-Yusuf.jpg/800px-NPG_2010_112_Lucia_Chamberlain_by_Zaida_Ben-Yusuf.jpg,https://commons.wikimedia.org/wiki/File:NPG_2010_112_Lucia_Chamberlain_by_Zaida_Ben-Yusuf.jpg,ok
images/Salote_Tupou_III_of_Tonga_in_1908.jpg,Salote Tupou III,Sālote Tupou III,1908,Salote Tupou III of Tonga in 1908,https://upload.wikimedia.org/wikipedia/commons/thumb/3/30/Salote_Tupou_III_of_Tonga_in_1908.jpg/800px-Salote_Tupou_III_of_Tonga_in_1908.jpg,https://commons.wikimedia.org/wiki/File:Salote_Tupou_III_of_Tonga_in_1908.jpg,ok
images/Holger_Drachmann__fra_Kl_bels_samling_-_Restoration.jpg,Holger Drachmann,Holger Drachmann,1908,"Holger Drachmann, fra Klæbels samling - Restoration",https://upload.wikimedia.org/wikipedia/commons/thumb/2/2b/Holger_Drachmann%2C_fra_Kl%C3%A6bels_samling_-_Restoration.jpg/800px-Holger_Drachmann%2C_fra_Kl%C3%A6bels_samling_-_Restoration.jpg,"https://commons.wikimedia.org/wiki/File:Holger_Drachmann,_fra_Kl%C3%A6bels_samling_-_Restoration.jpg",ok
images/John_Campbell_Dancy__Recorder_of_Deeds__Washington__D.C..jpg,John Campbell Dancy,John C. Dancy,1908,"John Campbell Dancy, Recorder of Deeds, Washington, D.C.",https://upload.wikimedia.org/wikipedia/commons/thumb/4/48/John_Campbell_Dancy%2C_Recorder_of_Deeds%2C_Washington%2C_D.C..jpg/800px-John_Campbell_Dancy%2C_Recorder_of_Deeds%2C_Washington%2C_D.C..jpg,"https://commons.wikimedia.org/wiki/File:John_Campbell_Dancy,_Recorder_of_Deeds,_Washington,_D.C..jpg",ok
images/Ernest_Shackleton_before_1909.jpg,Ernest Shackleton,Ernest Shackleton,,Ernest Shackleton before 1909,https://upload.wikimedia.org/wikipedia/commons/thumb/b/bd/Ernest_Shackleton_before_1909.jpg/800px-Ernest_Shackleton_before_1909.jpg,https://commons.wikimedia.org/wiki/File:Ernest_Shackleton_before_1909.jpg,ok
images/Theodore_Roosevelt_by_the_Pach_Bros.jpg,Theodore Roosevelt,Theodore Roosevelt,,Theodore Roosevelt by the Pach Bros,https://upload.wikimedia.org/wikipedia/commons/thumb/5/5b/Theodore_Roosevelt_by_the_Pach_Bros.jpg/800px-Theodore_Roosevelt_by_the_Pach_Bros.jpg,https://commons.wikimedia.org/wiki/File:Theodore_Roosevelt_by_the_Pach_Bros.jpg,ok
images/Chief_Joseph_by_Edward_Sheriff_Curtis.jpg,Chief Joseph,Chief Joseph,,Chief Joseph by Edward Sheriff Curtis,https://upload.wikimedia.org/wikipedia/commons/thumb/5/59/Chief_Joseph_by_Edward_Sheriff_Curtis.jpg/800px-Chief_Joseph_by_Edward_Sheriff_Curtis.jpg,https://commons.wikimedia.org/wiki/File:Chief_Joseph_by_Edward_Sheriff_Curtis.jpg,ok
images/Cabinet_card_of_William_Howard_Taft_by_Pach_Brothers_-__fee8dafa.jpg,William Howard Taft,William Howard Taft,,Cabinet card of William Howard Taft by Pach Brothers - Cropped to image,https://upload.wikimedia.org/wikipedia/commons/thumb/a/a1/Cabinet_card_of_William_Howard_Taft_by_Pach_Brothers_-_Cropped_to_image.jpg/800px-Cabinet_card_of_William_Howard_Taft_by_Pach_Brothers_-_Cropped_to_image.jpg,https://commons.wikimedia.org/wiki/File:Cabinet_card_of_William_Howard_Taft_by_Pach_Brothers_-_Cropped_to_image.jpg,ok
images/Percival_Lowell_by_James_E._Purdy.jpg,Percival Lowell,Percival Lowell,,Percival Lowell by James E. Purdy.jpg/2,https://upload.wikimedia.org/wikipedia/commons/thumb/8/8b/Percival_Lowell_by_James_E._Purdy.jpg/800px-Percival_Lowell_by_James_E._Purdy.jpg,https://commons.wikimedia.org/wiki/File:Percival_Lowell_by_James_E._Purdy.jpg,ok
images/Keir_Hardie_by_George_Grantham_Bain.jpg,Keir Hardie,Keir Hardie,,Keir Hardie by George Grantham Bain,https://upload.wikimedia.org/wikipedia/commons/thumb/0/0b/Keir_Hardie_by_George_Grantham_Bain.jpg/800px-Keir_Hardie_by_George_Grantham_Bain.jpg,https://commons.wikimedia.org/wiki/File:Keir_Hardie_by_George_Grantham_Bain.jpg,ok
images/Madam_C._J._Walker_by_Addison_N._Scurlock.jpg,Madam C. J. Walker,Madam C. J. Walker,,Madam C. J. Walker by Addison N. Scurlock,https://upload.wikimedia.org/wikipedia/commons/thumb/d/dc/Madam_C._J._Walker_by_Addison_N._Scurlock.jpg/800px-Madam_C._J._Walker_by_Addison_N._Scurlock.jpg,https://commons.wikimedia.org/wiki/File:Madam_C._J._Walker_by_Addison_N._Scurlock.jpg,ok
images/Renoir__Pierre-Auguste__by_Dornac__BNF_Gallica.jpg,Pierre-Auguste Renoir,Pierre-Auguste Renoir,ca.1910,Pierre-Auguste Renoir,https://upload.wikimedia.org/wikipedia/commons/thumb/b/b5/Renoir%2C_Pierre-Auguste%2C_by_Dornac%2C_BNF_Gallica.jpg/800px-Renoir%2C_Pierre-Auguste%2C_by_Dornac%2C_BNF_Gallica.jpg,"https://commons.wikimedia.org/wiki/File:Renoir,_Pierre-Auguste,_by_Dornac,_BNF_Gallica.jpg",ok
images/Hubertine_Auclert_1910.jpg,Hubertine Auclert,Hubertine Auclert,1910,Hubertine Auclert 1910,https://upload.wikimedia.org/wikipedia/commons/thumb/6/6b/Hubertine_Auclert_1910.jpg/800px-Hubertine_Auclert_1910.jpg,https://commons.wikimedia.org/wiki/File:Hubertine_Auclert_1910.jpg,ok
images/Emily_Wilding_Davison_by_Andrew_William_Dron.jpg,Emily Wilding Davison,Emily Davison,c. 1910-12,Emily Wilding Davison by Andrew William Dron,https://upload.wikimedia.org/wikipedia/commons/thumb/0/0f/Emily_Wilding_Davison_by_Andrew_William_Dron.jpg/800px-Emily_Wilding_Davison_by_Andrew_William_Dron.jpg,https://commons.wikimedia.org/wiki/File:Emily_Wilding_Davison_by_Andrew_William_Dron.jpg,ok
images/Emma_Smith_DeVoe_by_James___Bushnell_-_No_photographer_stamp.jpg,Emma Smith DeVoe,Emma Smith DeVoe,1910-20,Emma Smith DeVoe by James & Bushnell - No photographer stamp,https://upload.wikimedia.org/wikipedia/commons/thumb/2/28/Emma_Smith_DeVoe_by_James_%26_Bushnell_-_No_photographer_stamp.jpg/800px-Emma_Smith_DeVoe_by_James_%26_Bushnell_-_No_photographer_stamp.jpg,https://commons.wikimedia.org/wiki/File:Emma_Smith_DeVoe_by_James_%26_Bushnell_-_No_photographer_stamp.jpg,ok
images/Mary_Pickford_cph.3c17995u.jpg,Mary Pickford,Mary Pickford,Between 1910 and 1922,Mary Pickford,https://upload.wikimedia.org/wikipedia/commons/thumb/8/88/Mary_Pickford_cph.3c17995u.jpg/800px-Mary_Pickford_cph.3c17995u.jpg,https://commons.wikimedia.org/wiki/File:Mary_Pickford_cph.3c17995u.jpg,ok
images/Ed_Walsh_portrait_1911.jpg,Ed Walsh,Ed Walsh,1911,Ed Walsh,https://upload.wikimedia.org/wikipedia/commons/thumb/b/b7/Ed_Walsh_portrait_1911.jpg/800px-Ed_Walsh_portrait_1911.jpg,https://commons.wikimedia.org/wiki/File:Ed_Walsh_portrait_1911.jpg,ok
images/Connie_Mack3.jpg,Connie Mack,Connie Mack,1911,Connie Mack,https://upload.wikimedia.org/wikipedia/commons/thumb/d/d3/Connie_Mack3.jpg/800px-Connie_Mack3.jpg,https://commons.wikimedia.org/wiki/File:Connie_Mack3.jpg,ok
images/Maresuke_Nogi_____1_-_Photo_only.jpg,Maresuke Nogi,Nogi Maresuke,"unknown, before 1912","Maresuke Nogi, 近世名士写真 其1",https://upload.wikimedia.org/wikipedia/commons/thumb/9/9c/Maresuke_Nogi%2C_%E8%BF%91%E4%B8%96%E5%90%8D%E5%A3%AB%E5%86%99%E7%9C%9F_%E5%85%B61_-_Photo_only.jpg/800px-Maresuke_Nogi%2C_%E8%BF%91%E4%B8%96%E5%90%8D%E5%A3%AB%E5%86%99%E7%9C%9F_%E5%85%B61_-_Photo_only.jpg,"https://commons.wikimedia.org/wiki/File:Maresuke_Nogi,_%E8%BF%91%E4%B8%96%E5%90%8D%E5%A3%AB%E5%86%99%E7%9C%9F_%E5%85%B61_-_Photo_only.jpg",ok
images/Raymond_Poincar__officiel.jpg,Raymond Poincaré,Raymond Poincaré,1913,Raymond Poincaré,https://upload.wikimedia.org/wikipedia/commons/thumb/6/60/Raymond_Poincar%C3%A9_officiel.jpg/800px-Raymond_Poincar%C3%A9_officiel.jpg,https://commons.wikimedia.org/wiki/File:Raymond_Poincar%C3%A9_officiel.jpg,ok
images/Millicent_Fawcett.jpg,Millicent Fawcett,Millicent Fawcett,1913,Millicent Fawcett,https://upload.wikimedia.org/wikipedia/commons/thumb/1/13/Millicent_Fawcett.jpg/800px-Millicent_Fawcett.jpg,https://commons.wikimedia.org/wiki/File:Millicent_Fawcett.jpg,ok
images/Shoeless_Joe_Jackson_by_Conlon__1913.jpeg,Shoeless Joe Jackson,Shoeless Joe Jackson,1913,"Shoeless Joe Jackson, 1913",https://upload.wikimedia.org/wikipedia/commons/thumb/1/1c/Shoeless_Joe_Jackson_by_Conlon%2C_1913.jpeg/800px-Shoeless_Joe_Jackson_by_Conlon%2C_1913.jpeg,"https://commons.wikimedia.org/wiki/File:Shoeless_Joe_Jackson_by_Conlon,_1913.jpeg",ok
images/Emmeline_Pankhurst__seated__1913.jpg,Emmeline Pankhurst,Emmeline Pankhurst,1913,Emmeline Pankhurst (1913),https://upload.wikimedia.org/wikipedia/commons/thumb/2/25/Emmeline_Pankhurst%2C_seated_%281913%29.jpg/800px-Emmeline_Pankhurst%2C_seated_%281913%29.jpg,"https://commons.wikimedia.org/wiki/File:Emmeline_Pankhurst,_seated_(1913).jpg",ok
images/Mrs._Crystal_Eastman_Benedict_by_Edmonston__Washington__D.C..jpg,Crystal Eastman Benedict,Crystal Eastman,between 1913 and 1915,"Mrs. Crystal Eastman Benedict by Edmonston, Washington, D.C.",https://upload.wikimedia.org/wikipedia/commons/thumb/9/96/Mrs._Crystal_Eastman_Benedict_by_Edmonston%2C_Washington%2C_D.C..jpg/800px-Mrs._Crystal_Eastman_Benedict_by_Edmonston%2C_Washington%2C_D.C..jpg,"https://commons.wikimedia.org/wiki/File:Mrs._Crystal_Eastman_Benedict_by_Edmonston,_Washington,_D.C..jpg",ok
images/Iris_Calderhead.jpg,Iris Calderhead,Iris Calderhead,between 1913 and 1917,Iris Calderhead,https://upload.wikimedia.org/wikipedia/commons/thumb/4/40/Iris_Calderhead.jpg/800px-Iris_Calderhead.jpg,https://commons.wikimedia.org/wiki/File:Iris_Calderhead.jpg,ok
images/Elizabeth_Glendower_Evans__cropped.jpg,Elizabeth Glendower Evans,Elizabeth Glendower Evans,1914,"Elizabeth Glendower Evans (1856–1937), social reformer and suffragist",https://upload.wikimedia.org/wikipedia/commons/thumb/3/3c/Elizabeth_Glendower_Evans_%28cropped%29.jpg/800px-Elizabeth_Glendower_Evans_%28cropped%29.jpg,https://commons.wikimedia.org/wiki/File:Elizabeth_Glendower_Evans_(cropped).jpg,ok
images/Hattie_Caraway_by_Harris___Ewing__1914.jpg,Hattie Caraway,Hattie Caraway,1914,"Hattie Caraway by Harris & Ewing, 1914",https://upload.wikimedia.org/wikipedia/commons/thumb/0/0c/Hattie_Caraway_by_Harris_%26_Ewing%2C_1914.jpg/800px-Hattie_Caraway_by_Harris_%26_Ewing%2C_1914.jpg,"https://commons.wikimedia.org/wiki/File:Hattie_Caraway_by_Harris_%26_Ewing,_1914.jpg",ok
images/Michel_Fokine__Arlequin.jpg,Michel Fokine,Michel Fokine,1914,"Michel Fokine, Arlequin",https://upload.wikimedia.org/wikipedia/commons/thumb/0/09/Michel_Fokine%2C_Arlequin.jpg/800px-Michel_Fokine%2C_Arlequin.jpg,"https://commons.wikimedia.org/wiki/File:Michel_Fokine,_Arlequin.jpg",ok
images/Portrait_of_Mary_Pickford__signed__CHS-2292__digital_restoration.jpg,Mary Pickford,Mary Pickford,between 1914 and 1915,"Portrait of Mary Pickford, signed (CHS-2292) digital restoration",https://upload.wikimedia.org/wikipedia/commons/thumb/9/9d/Portrait_of_Mary_Pickford%2C_signed_%28CHS-2292%29_digital_restoration.jpg/800px-Portrait_of_Mary_Pickford%2C_signed_%28CHS-2292%29_digital_restoration.jpg,"https://commons.wikimedia.org/wiki/File:Portrait_of_Mary_Pickford,_signed_(CHS-2292)_digital_restoration.jpg",ok
images/Alice_Paul__1915__by_Harris___Ewing.jpg,Alice Paul,Alice Paul,1915,Alice Paul (1915) by Harris & Ewing,https://upload.wikimedia.org/wikipedia/commons/thumb/5/5e/Alice_Paul_%281915%29_by_Harris_%26_Ewing.jpg/800px-Alice_Paul_%281915%29_by_Harris_%26_Ewing.jpg,https://commons.wikimedia.org/wiki/File:Alice_Paul_(1915)_by_Harris_%26_Ewing.jpg,ok
images/Portrait_of_Paul_Trappen.jpg,Paul Trappen,Paul Trappen,1915,Portrait of Paul Trappen,https://upload.wikimedia.org/wikipedia/commons/thumb/b/b8/Portrait_of_Paul_Trappen.jpg/800px-Portrait_of_Paul_Trappen.jpg,https://commons.wikimedia.org/wiki/File:Portrait_of_Paul_Trappen.jpg,ok
images/Alice_C._Evans__National_Photo_Company_portrait__circa_1915.jpg,Alice C. Evans,Alice Catherine Evans,ca. 1915,"Alice C. Evans, circa 1915",https://upload.wikimedia.org/wikipedia/commons/thumb/e/e1/Alice_C._Evans%2C_National_Photo_Company_portrait%2C_circa_1915.jpg/800px-Alice_C._Evans%2C_National_Photo_Company_portrait%2C_circa_1915.jpg,"https://commons.wikimedia.org/wiki/File:Alice_C._Evans,_National_Photo_Company_portrait,_circa_1915.jpg",ok
images/Jeannette_Rankin__Bain_News_Service__facing_front.jpg,Jeannette Rankin,Jeannette Rankin,1917,"Jeannette Rankin, Bain News Service, facing front",https://upload.wikimedia.org/wikipedia/commons/thumb/2/21/Jeannette_Rankin%2C_Bain_News_Service%2C_facing_front.jpg/800px-Jeannette_Rankin%2C_Bain_News_Service%2C_facing_front.jpg,"https://commons.wikimedia.org/wiki/File:Jeannette_Rankin,_Bain_News_Service,_facing_front.jpg",ok
images/Eleftherios_Venizelos_1917.jpg,Eleftherios Venizelos,Eleftherios Venizelos,1917,Eleftherios Venizelos 1917.jpg/2,https://upload.wikimedia.org/wikipedia/commons/thumb/e/ea/Eleftherios_Venizelos_1917.jpg/800px-Eleftherios_Venizelos_1917.jpg,https://commons.wikimedia.org/wiki/File:Eleftherios_Venizelos_1917.jpg,ok
images/Lewis_Wickes_Hine__The_charter_member_of_the_Red_Cross__ea14260d.jpg,Lewis Wickes Hine,Lewis Hine,1918,"Lewis Wickes Hine, The charter member of the Red Cross Boy Scout Troop Paris, September 1918 - Library of Congress",https://upload.wikimedia.org/wikipedia/commons/thumb/5/5d/Lewis_Wickes_Hine%2C_The_charter_member_of_the_Red_Cross_Boy_Scout_Troop_Paris%2C_September_1918_-_Library_of_Congress.jpg/800px-Lewis_Wickes_Hine%2C_The_charter_member_of_the_Red_Cross_Boy_Scout_Troop_Paris%2C_September_1918_-_Library_of_Congress.jpg,"https://commons.wikimedia.org/wiki/File:Lewis_Wickes_Hine,_The_charter_member_of_the_Red_Cross_Boy_Scout_Troop_Paris,_September_1918_-_Library_of_Congress.jpg",ok
images/John_Meintz__punished_during_World_War_I_-_NARA_-_28363_619662e9.jpg,John Meintz,John T. Meints,ca. 1918-1919,"John Meintz, punished during World War I",https://upload.wikimedia.org/wikipedia/commons/thumb/c/cb/John_Meintz%2C_punished_during_World_War_I_-_NARA_-_283633_-_restored.jpg/800px-John_Meintz%2C_punished_during_World_War_I_-_NARA_-_283633_-_restored.jpg,"https://commons.wikimedia.org/wiki/File:John_Meintz,_punished_during_World_War_I_-_NARA_-_283633_-_restored.jpg",ok
images/Margaret_D._Foster__in_Lab__4_October_1919.jpg,Margaret D. Foster,Margaret D. Foster,1919,"Margaret D. Foster, in Lab, 4 October 1919",https://upload.wikimedia.org/wikipedia/commons/thumb/1/18/Margaret_D._Foster%2C_in_Lab%2C_4_October_1919.jpg/800px-Margaret_D._Foster%2C_in_Lab%2C_4_October_1919.jpg,"https://commons.wikimedia.org/wiki/File:Margaret_D._Foster,_in_Lab,_4_October_1919.jpg",ok
images/Lord_Edward_John_Moreton_Drax_Plunkett_Dunsany_by_Morra_9d3990cb.jpg,Edward John Moreton Drax Plunkett Dunsany,Lord Dunsany,,Lord Edward John Moreton Drax Plunkett Dunsany by Morrall-Hoole Studios,https://upload.wikimedia.org/wikipedia/commons/thumb/b/be/Lord_Edward_John_Moreton_Drax_Plunkett_Dunsany_by_Morrall-Hoole_Studios.jpg/800px-Lord_Edward_John_Moreton_Drax_Plunkett_Dunsany_by_Morrall-Hoole_Studios.jpg,https://commons.wikimedia.org/wiki/File:Lord_Edward_John_Moreton_Drax_Plunkett_Dunsany_by_Morrall-Hoole_Studios.jpg,ok
images/Helen_Keller_circa_1920_-_restored.jpg,Helen Keller,Helen Keller,c. 1920,Helen Keller circa 1920 - restored,https://upload.wikimedia.org/wikipedia/commons/thumb/3/3e/Helen_Keller_circa_1920_-_restored.jpg/800px-Helen_Keller_circa_1920_-_restored.jpg,https://commons.wikimedia.org/wiki/File:Helen_Keller_circa_1920_-_restored.jpg,ok
images/Ethel_Smyth.jpg,Ethel Smyth,Ethel Smyth,1922,Ethel Smyth,https://upload.wikimedia.org/wikipedia/commons/thumb/6/68/Ethel_Smyth.jpg/800px-Ethel_Smyth.jpg,https://commons.wikimedia.org/wiki/File:Ethel_Smyth.jpg,ok
images/Ren_e_Ador_e.jpg,Renée Adorée,Renée Adorée,c. 1922,Renée Adorée,https://upload.wikimedia.org/wikipedia/commons/thumb/5/53/Ren%C3%A9e_Ador%C3%A9e.jpg/800px-Ren%C3%A9e_Ador%C3%A9e.jpg,https://commons.wikimedia.org/wiki/File:Ren%C3%A9e_Ador%C3%A9e.jpg,ok
images/Ivor_Novello.jpg,Ivor Novello,Ivor Novello,1923,Ivor Novello,https://upload.wikimedia.org/wikipedia/commons/thumb/e/ef/Ivor_Novello.jpg/800px-Ivor_Novello.jpg,https://commons.wikimedia.org/wiki/File:Ivor_Novello.jpg,ok
images/Jane_Addams_-_Bain_News_Service.jpg,Jane Addams,Jane Addams,1924 or 1926,Jane Addams,https://upload.wikimedia.org/wikipedia/commons/thumb/c/c4/Jane_Addams_-_Bain_News_Service.jpg/800px-Jane_Addams_-_Bain_News_Service.jpg,https://commons.wikimedia.org/wiki/File:Jane_Addams_-_Bain_News_Service.jpg,ok
images/Bertha_Lutz_1925.jpg,Bertha Lutz,Bertha Lutz,1925,Bertha Lutz,https://upload.wikimedia.org/wikipedia/commons/thumb/2/28/Bertha_Lutz_1925.jpg/800px-Bertha_Lutz_1925.jpg,https://commons.wikimedia.org/wiki/File:Bertha_Lutz_1925.jpg,ok
images/Avril_de_Sainte-Croix_-_Restored__cropped.jpg,Avril de Sainte-Croix,Avril de Sainte-Croix,1925,"Avril de Sainte-Croix - Restored, cropped",https://upload.wikimedia.org/wikipedia/commons/thumb/2/26/Avril_de_Sainte-Croix_-_Restored%2C_cropped.jpg/800px-Avril_de_Sainte-Croix_-_Restored%2C_cropped.jpg,"https://commons.wikimedia.org/wiki/File:Avril_de_Sainte-Croix_-_Restored,_cropped.jpg",ok
images/Busterkeaton_edit.jpg,Buster Keaton,Buster Keaton,,"Buster Keaton, 1920",https://upload.wikimedia.org/wikipedia/commons/thumb/c/c2/Busterkeaton_edit.jpg/800px-Busterkeaton_edit.jpg,https://commons.wikimedia.org/wiki/File:Busterkeaton_edit.jpg,ok
images/Jan_ten_Kate.jpg,Jan ten Kate,Jan Jakob Lodewijk ten Kate,,Jan ten Kate,https://upload.wikimedia.org/wikipedia/commons/thumb/6/62/Jan_ten_Kate.jpg/800px-Jan_ten_Kate.jpg,https://commons.wikimedia.org/wiki/File:Jan_ten_Kate.jpg,ok
images/Lucie_Delarue-Mardrus_by_Henri_Manuel.jpg,Lucie Delarue-Mardrus,Lucie Delarue-Mardrus,,Lucie Delarue-Mardrus by Henri Manuel,https://upload.wikimedia.org/wikipedia/commons/thumb/8/85/Lucie_Delarue-Mardrus_by_Henri_Manuel.jpg/800px-Lucie_Delarue-Mardrus_by_Henri_Manuel.jpg,https://commons.wikimedia.org/wiki/File:Lucie_Delarue-Mardrus_by_Henri_Manuel.jpg,ok
images/Learie_Constantine_1930_03.jpg,Learie Constantine,Learie Constantine,,Learie Constantine 1930 03,https://upload.wikimedia.org/wikipedia/commons/thumb/c/c1/Learie_Constantine_1930_03.jpg/800px-Learie_Constantine_1930_03.jpg,https://commons.wikimedia.org/wiki/File:Learie_Constantine_1930_03.jpg,ok
images/Harold_Urey__1934.jpg,Harold Urey,Harold Urey,,"Harold Urey, 1934",https://upload.wikimedia.org/wikipedia/commons/thumb/e/e0/Harold_Urey%2C_1934.jpg/800px-Harold_Urey%2C_1934.jpg,"https://commons.wikimedia.org/wiki/File:Harold_Urey,_1934.jpg",ok
images/Cary_Grant__1932.jpg,Cary Grant,Cary Grant,,"Cary Grant, 1932",https://upload.wikimedia.org/wikipedia/commons/thumb/5/5b/Cary_Grant%2C_1932.jpg/800px-Cary_Grant%2C_1932.jpg,"https://commons.wikimedia.org/wiki/File:Cary_Grant,_1932.jpg",ok
images/Rosalind_Goodrich_Bates__1931.jpg,Rosalind Goodrich Bates,Rosalind Goodrich Bates,1931,Rosalind Goodrich Bates (1931),https://upload.wikimedia.org/wikipedia/commons/thumb/7/79/Rosalind_Goodrich_Bates_%281931%29.jpg/800px-Rosalind_Goodrich_Bates_%281931%29.jpg,https://commons.wikimedia.org/wiki/File:Rosalind_Goodrich_Bates_(1931).jpg,ok
images/Nelly_Diener_cropped.jpg,Nelly Diener,Nelly Diener,1934,Nelly Diener cropped,https://upload.wikimedia.org/wikipedia/commons/thumb/5/56/Nelly_Diener_cropped.jpg/800px-Nelly_Diener_cropped.jpg,https://commons.wikimedia.org/wiki/File:Nelly_Diener_cropped.jpg,ok
images/Lange-MigrantMother02.jpg,Migrant Mother,Migrant Mother,1936,Migrant Mother by D. Lange,https://upload.wikimedia.org/wikipedia/commons/thumb/5/54/Lange-MigrantMother02.jpg/800px-Lange-MigrantMother02.jpg,https://commons.wikimedia.org/wiki/File:Lange-MigrantMother02.jpg,ok
images/Bessie_Smith__1936__by_Carl_Van_Vechten.jpg,Bessie Smith,Bessie Smith,1936,Bessie Smith (1936) by Carl Van Vechten,https://upload.wikimedia.org/wikipedia/commons/thumb/d/d0/Bessie_Smith_%281936%29_by_Carl_Van_Vechten.jpg/800px-Bessie_Smith_%281936%29_by_Carl_Van_Vechten.jpg,https://commons.wikimedia.org/wiki/File:Bessie_Smith_(1936)_by_Carl_Van_Vechten.jpg,ok
images/Robert_Earl_Jones_in_Langston_Hughes__Don_t_You_Want_to_12b54e26.jpg,Robert Earl Jones,Robert Earl Jones,1938,Robert Earl Jones,https://upload.wikimedia.org/wikipedia/commons/thumb/2/2e/Robert_Earl_Jones_in_Langston_Hughes%27_Don%27t_You_Want_to_be_Free%3F_%2823_June_1938%3B_photograph_by_Carl_Van_Vechten%29.jpg/800px-Robert_Earl_Jones_in_Langston_Hughes%27_Don%27t_You_Want_to_be_Free%3F_%2823_June_1938%3B_photograph_by_Carl_Van_Vechten%29.jpg,https://commons.wikimedia.org/wiki/File:Robert_Earl_Jones_in_Langston_Hughes%27_Don%27t_You_Want_to_be_Free%3F_(23_June_1938;_photograph_by_Carl_Van_Vechten).jpg,ok
images/Son_of_farmer_in_dust_bowl_area__Cimarron_County__Oklah_fe7dd5fd.jpg,Son,Son,,"Son of farmer in dust bowl area, Cimarron County, Oklahoma, 8b38282",https://upload.wikimedia.org/wikipedia/commons/thumb/0/08/Son_of_farmer_in_dust_bowl_area%2C_Cimarron_County%2C_Oklahoma%2C_8b38282%2C_original.jpg/800px-Son_of_farmer_in_dust_bowl_area%2C_Cimarron_County%2C_Oklahoma%2C_8b38282%2C_original.jpg,"https://commons.wikimedia.org/wiki/File:Son_of_farmer_in_dust_bowl_area,_Cimarron_County,_Oklahoma,_8b38282,_original.jpg",ok
images/Max_Planck_by_Hugo_Erfurth_1938cr_-_restoration1.jpg,Max Planck,Max Planck,,Max Planck by Hugo Erfurth 1938cr - restoration1,https://upload.wikimedia.org/wikipedia/commons/thumb/e/ee/Max_Planck_by_Hugo_Erfurth_1938cr_-_restoration1.jpg/800px-Max_Planck_by_Hugo_Erfurth_1938cr_-_restoration1.jpg,https://commons.wikimedia.org/wiki/File:Max_Planck_by_Hugo_Erfurth_1938cr_-_restoration1.jpg,ok
images/Nude__Charis__Santa_Monica.jpg,Nude,Nudity,,"Nude (Charis, Santa Monica)",https://upload.wikimedia.org/wikipedia/commons/thumb/e/e4/Nude_%28Charis%2C_Santa_Monica%29.jpg/800px-Nude_%28Charis%2C_Santa_Monica%29.jpg,"https://commons.wikimedia.org/wiki/File:Nude_(Charis,_Santa_Monica).jpg",ok
images/Clara_Bow__grayscale.jpg,Clara Bow,Clara Bow,,"Clara Bow, grayscale",https://upload.wikimedia.org/wikipedia/commons/thumb/f/f8/Clara_Bow%2C_grayscale.jpg/800px-Clara_Bow%2C_grayscale.jpg,"https://commons.wikimedia.org/wiki/File:Clara_Bow,_grayscale.jpg",ok
images/Kissing_the_War_Goodbye.jpg,Kissing the War Goodbye,V-J Day in Times Square,,Kissing the War Goodbye,https://upload.wikimedia.org/wikipedia/commons/thumb/8/87/Kissing_the_War_Goodbye.jpg/800px-Kissing_the_War_Goodbye.jpg,https://commons.wikimedia.org/wiki/File:Kissing_the_War_Goodbye.jpg,ok
images/Marian_Anderson.jpg,Marian Anderson,Marian Anderson,1940,Marian Anderson,https://upload.wikimedia.org/wikipedia/commons/thumb/a/a8/Marian_Anderson.jpg/800px-Marian_Anderson.jpg,https://commons.wikimedia.org/wiki/File:Marian_Anderson.jpg,ok
images/Portrait_of_Henri_Frenay__head_and_shoulders_ppmsca.13371_edit.jpg,Henri Frenay,Henri Frenay,1941-1947,"Portrait of Henri Frenay, head and shoulders ppmsca.13371 edit",https://upload.wikimedia.org/wikipedia/commons/thumb/4/4f/Portrait_of_Henri_Frenay%2C_head_and_shoulders_ppmsca.13371_edit.jpg/800px-Portrait_of_Henri_Frenay%2C_head_and_shoulders_ppmsca.13371_edit.jpg,"https://commons.wikimedia.org/wiki/File:Portrait_of_Henri_Frenay,_head_and_shoulders_ppmsca.13371_edit.jpg",ok
images/Gordon_Parks_-_American_Gothic.jpg,Gordon Parks,Gordon Parks,1942,"Gordon Parks, American Gothic, portrait of government cleaning woman Ella Watson",https://upload.wikimedia.org/wikipedia/commons/thumb/9/94/Gordon_Parks_-_American_Gothic.jpg/800px-Gordon_Parks_-_American_Gothic.jpg,https://commons.wikimedia.org/wiki/File:Gordon_Parks_-_American_Gothic.jpg,ok
images/Joseph_Stalin__Franklin_D_Roosevelt_and_Winston_Churchi_801e1851.jpg,Stalin,Joseph Stalin,1943,"Stalin, Roosevelt, and Churchill in Tehran.",https://upload.wikimedia.org/wikipedia/commons/thumb/f/f2/Joseph_Stalin%2C_Franklin_D_Roosevelt_and_Winston_Churchill%2C_in_Teheran%2C_1943%2C_edit.jpg/800px-Joseph_Stalin%2C_Franklin_D_Roosevelt_and_Winston_Churchill%2C_in_Teheran%2C_1943%2C_edit.jpg,"https://commons.wikimedia.org/wiki/File:Joseph_Stalin,_Franklin_D_Roosevelt_and_Winston_Churchill,_in_Teheran,_1943,_edit.jpg",ok
images/Haane_Manahi.jpg,Haane Manahi,Haane Manahi,1943,Haane Manahi,https://upload.wikimedia.org/wikipedia/commons/thumb/6/6a/Haane_Manahi.jpg/800px-Haane_Manahi.jpg,https://commons.wikimedia.org/wiki/File:Haane_Manahi.jpg,ok
images/Enrico_Fermi_1943-49.jpg,Enrico Fermi,Enrico Fermi,1943–1949,Enrico Fermi,https://upload.wikimedia.org/wikipedia/commons/thumb/d/d4/Enrico_Fermi_1943-49.jpg/800px-Enrico_Fermi_1943-49.jpg,https://commons.wikimedia.org/wiki/File:Enrico_Fermi_1943-49.jpg,ok
images/DouglasMacArthur.jpg,Douglas MacArthur,Douglas MacArthur,1944,General Douglas MacArthur,https://upload.wikimedia.org/wikipedia/commons/thumb/b/be/DouglasMacArthur.jpg/800px-DouglasMacArthur.jpg,https://commons.wikimedia.org/wiki/File:DouglasMacArthur.jpg,ok
images/Capt._Della_H._Raney__Army_Nurse_Corps__who_now_heads_t_ac6e1203.jpg,Della H. Raney,Della H. Raney,1945,"Capt. Della H. Raney, Army Nurse Corps, head of nursing staff at station hospital at Camp Beale, CA",https://upload.wikimedia.org/wikipedia/commons/thumb/2/2f/Capt._Della_H._Raney%2C_Army_Nurse_Corps%2C_who_now_heads_the_nursing_staff_at_the_station_hospital_at_Camp_Beale%2C_CA_-_NARA_-_535942.jpg/800px-Capt._Della_H._Raney%2C_Army_Nurse_Corps%2C_who_now_heads_the_nursing_staff_at_the_station_hospital_at_Camp_Beale%2C_CA_-_NARA_-_535942.jpg,"https://commons.wikimedia.org/wiki/File:Capt._Della_H._Raney,_Army_Nurse_Corps,_who_now_heads_the_nursing_staff_at_the_station_hospital_at_Camp_Beale,_CA_-_NARA_-_535942.jpg",ok
images/Mary_Lou_Williams__Gottlieb_09231.jpg,Mary Lou Williams,Mary Lou Williams,1946,Mary Lou Williams (Gottlieb 09231),https://upload.wikimedia.org/wikipedia/commons/thumb/b/b7/Mary_Lou_Williams_%28Gottlieb_09231%29.jpg/800px-Mary_Lou_Williams_%28Gottlieb_09231%29.jpg,https://commons.wikimedia.org/wiki/File:Mary_Lou_Williams_(Gottlieb_09231).jpg,ok
images/Django_Reinhardt__Gottlieb_07301.jpg,Django Reinhardt,Django Reinhardt,1946,Django Reinhardt (Gottlieb 07301),https://upload.wikimedia.org/wikipedia/commons/thumb/f/f5/Django_Reinhardt_%28Gottlieb_07301%29.jpg/800px-Django_Reinhardt_%28Gottlieb_07301%29.jpg,https://commons.wikimedia.org/wiki/File:Django_Reinhardt_(Gottlieb_07301).jpg,ok
images/Carl_Van_Vechten_-_Shirley_Graham_Du_Bois.jpg,Shirley Graham Du Bois,Shirley Graham Du Bois,1946,Shirley Graham Du Bois,https://upload.wikimedia.org/wikipedia/commons/thumb/c/c1/Carl_Van_Vechten_-_Shirley_Graham_Du_Bois.jpg/800px-Carl_Van_Vechten_-_Shirley_Graham_Du_Bois.jpg,https://commons.wikimedia.org/wiki/File:Carl_Van_Vechten_-_Shirley_Graham_Du_Bois.jpg,ok
images/Billy_Strayhorn__New_York__N.Y.__between_1946_and_1948__26e62bc4.jpg,Billy Strayhorn,Billy Strayhorn,1946-1948,"Billy Strayhorn, New York, N.Y., between 1946 and 1948",https://upload.wikimedia.org/wikipedia/commons/thumb/c/c5/Billy_Strayhorn%2C_New_York%2C_N.Y.%2C_between_1946_and_1948_%28William_P._Gottlieb_08211%29.jpg/800px-Billy_Strayhorn%2C_New_York%2C_N.Y.%2C_between_1946_and_1948_%28William_P._Gottlieb_08211%29.jpg,"https://commons.wikimedia.org/wiki/File:Billy_Strayhorn,_New_York,_N.Y.,_between_1946_and_1948_(William_P._Gottlieb_08211).jpg",ok
images/Thelonious_Monk__Minton_s_Playhouse__New_York__N.Y.__ca_0dd852f6.jpg,Thelonious Monk,Thelonious Monk,1947,"Thelonious Monk, Minton's Playhouse, New York, N.Y., ca. Sept. 1947 (William P. Gottlieb 06191)",https://upload.wikimedia.org/wikipedia/commons/thumb/9/97/Thelonious_Monk%2C_Minton%27s_Playhouse%2C_New_York%2C_N.Y.%2C_ca._Sept._1947_%28William_P._Gottlieb_06191%29.jpg/800px-Thelonious_Monk%2C_Minton%27s_Playhouse%2C_New_York%2C_N.Y.%2C_ca._Sept._1947_%28William_P._Gottlieb_06191%29.jpg,"https://commons.wikimedia.org/wiki/File:Thelonious_Monk,_Minton%27s_Playhouse,_New_York,_N.Y.,_ca._Sept._1947_(William_P._Gottlieb_06191).jpg",ok
images/Louis_Armstrong_in_Color__restored.jpg,Louis Armstrong,Louis Armstrong,1947,Louis Armstrong (Harry Warnecke/Gus Schoenbaechler),https://upload.wikimedia.org/wikipedia/commons/thumb/1/16/Louis_Armstrong_in_Color_%28restored%29.jpg/800px-Louis_Armstrong_in_Color_%28restored%29.jpg,https://commons.wikimedia.org/wiki/File:Louis_Armstrong_in_Color_(restored).jpg,ok
images/Art_Tatum__Vogue_Room_1948__Gottlieb.jpg,Art Tatum,Art Tatum,1948,"Art Tatum, Vogue Room 1948 (Gottlieb)",https://upload.wikimedia.org/wikipedia/commons/thumb/e/ef/Art_Tatum%2C_Vogue_Room_1948_%28Gottlieb%29.jpg/800px-Art_Tatum%2C_Vogue_Room_1948_%28Gottlieb%29.jpg,"https://commons.wikimedia.org/wiki/File:Art_Tatum,_Vogue_Room_1948_(Gottlieb).jpg",ok
images/William_Grant_Still_by_Carl_Van_Vechten.jpg,William Grant Still,William Grant Still,1949,William Grant Still by Carl Van Vechten,https://upload.wikimedia.org/wikipedia/commons/thumb/1/14/William_Grant_Still_by_Carl_Van_Vechten.jpg/800px-William_Grant_Still_by_Carl_Van_Vechten.jpg,https://commons.wikimedia.org/wiki/File:William_Grant_Still_by_Carl_Van_Vechten.jpg,ok
images/Gene_Autry__NPG_94_39.jpg,Gene Autry,Gene Autry,1942,Gene Autry,https://upload.wikimedia.org/wikipedia/commons/thumb/b/b1/Gene_Autry%2C_NPG_94_39.jpg/800px-Gene_Autry%2C_NPG_94_39.jpg,"https://commons.wikimedia.org/wiki/File:Gene_Autry,_NPG_94_39.jpg",ok
images/Walter_Francis_White_by_Clara_Sipprell.jpg,Walter Francis White,Walter White (activist),c. 1950,Walter Francis White by Clara Sipprell,https://upload.wikimedia.org/wikipedia/commons/thumb/5/5a/Walter_Francis_White_by_Clara_Sipprell.jpg/800px-Walter_Francis_White_by_Clara_Sipprell.jpg,https://commons.wikimedia.org/wiki/File:Walter_Francis_White_by_Clara_Sipprell.jpg,ok
images/Louis_Armstrong_restored.jpg,Louis Armstrong,Louis Armstrong,1953,Louis Armstrong,https://upload.wikimedia.org/wikipedia/commons/thumb/0/0e/Louis_Armstrong_restored.jpg/800px-Louis_Armstrong_restored.jpg,https://commons.wikimedia.org/wiki/File:Louis_Armstrong_restored.jpg,ok
images/Louis_Armstrong2.jpg,Louis Armstrong,Louis Armstrong,1953,Louis Armstrong,https://upload.wikimedia.org/wikipedia/commons/thumb/c/c4/Louis_Armstrong2.jpg/800px-Louis_Armstrong2.jpg,https://commons.wikimedia.org/wiki/File:Louis_Armstrong2.jpg,ok
images/Jackie_Robinson__Brooklyn_Dodgers__1954.jpg,Jackie Robinson,Jackie Robinson,1954,"Jackie Robinson, Brooklyn Dodgers, 1954",https://upload.wikimedia.org/wikipedia/commons/thumb/2/2d/Jackie_Robinson%2C_Brooklyn_Dodgers%2C_1954.jpg/800px-Jackie_Robinson%2C_Brooklyn_Dodgers%2C_1954.jpg,"https://commons.wikimedia.org/wiki/File:Jackie_Robinson,_Brooklyn_Dodgers,_1954.jpg",ok
images/Pauline_Kirby__5493900611.jpg,Pauline Kirby,Pauline Kirby,1954,Pauline Kirby (5493900611),https://upload.wikimedia.org/wikipedia/commons/thumb/5/5e/Pauline_Kirby_%285493900611%29.jpg/800px-Pauline_Kirby_%285493900611%29.jpg,https://commons.wikimedia.org/wiki/File:Pauline_Kirby_(5493900611).jpg,ok
images/Lies_Noor__c._1956__Djakartawood__no_name.jpg,Lies Noor,Lies Noor,c. 1956,"Lies Noor, Djakartawood",https://upload.wikimedia.org/wikipedia/commons/thumb/d/de/Lies_Noor_%28c._1956%29%2C_Djakartawood_%28no_name%29.jpg/800px-Lies_Noor_%28c._1956%29%2C_Djakartawood_%28no_name%29.jpg,"https://commons.wikimedia.org/wiki/File:Lies_Noor_(c._1956),_Djakartawood_(no_name).jpg",ok
images/Aminah_Cendrakasih__c._1959__by_Tati_Photo_Studio.jpg,Aminah Cendrakasih,Aminah Cendrakasih,c. 1959,"Aminah Cendrakasih, by Tati Photo Studio",https://upload.wikimedia.org/wikipedia/commons/thumb/f/ff/Aminah_Cendrakasih%2C_c._1959%2C_by_Tati_Photo_Studio.jpg/800px-Aminah_Cendrakasih%2C_c._1959%2C_by_Tati_Photo_Studio.jpg,"https://commons.wikimedia.org/wiki/File:Aminah_Cendrakasih,_c._1959,_by_Tati_Photo_Studio.jpg",ok
images/Elvis_Presley__Modern_Screen__June_1958.jpg,Elvis Presley,Elvis Presley,1958,"Elvis Presley, Modern Screen, June 1958",https://upload.wikimedia.org/wikipedia/commons/thumb/b/be/Elvis_Presley%2C_Modern_Screen%2C_June_1958.jpg/800px-Elvis_Presley%2C_Modern_Screen%2C_June_1958.jpg,"https://commons.wikimedia.org/wiki/File:Elvis_Presley,_Modern_Screen,_June_1958.jpg",ok
images/Bob_Dylan_1963_promo_photo_by_Don_Hunstein.jpg,Bob Dylan,Bob Dylan,,Bob Dylan 1963 promo photo by Don Hunstein,https://upload.wikimedia.org/wikipedia/commons/thumb/6/68/Bob_Dylan_1963_promo_photo_by_Don_Hunstein.jpg/800px-Bob_Dylan_1963_promo_photo_by_Don_Hunstein.jpg,https://commons.wikimedia.org/wiki/File:Bob_Dylan_1963_promo_photo_by_Don_Hunstein.jpg,ok
images/Huey_Newton__Black_Panther_Minister_of_Defense_-_Black__fc2e99b0.jpg,Huey Newton,Huey P. Newton,,"Huey Newton, Black Panther Minister of Defense - Black Panther poster",https://upload.wikimedia.org/wikipedia/commons/thumb/9/95/Huey_Newton%2C_Black_Panther_Minister_of_Defense_-_Black_Panther_poster.jpg/800px-Huey_Newton%2C_Black_Panther_Minister_of_Defense_-_Black_Panther_poster.jpg,"https://commons.wikimedia.org/wiki/File:Huey_Newton,_Black_Panther_Minister_of_Defense_-_Black_Panther_poster.jpg",ok
images/Farida_Arriany__c._1960__signed.jpg,Farida Arriany,Farida Arriany,c- 1960,Farida Arriany,https://upload.wikimedia.org/wikipedia/commons/thumb/5/53/Farida_Arriany%2C_c._1960_%28signed%29.jpg/800px-Farida_Arriany%2C_c._1960_%28signed%29.jpg,"https://commons.wikimedia.org/wiki/File:Farida_Arriany,_c._1960_(signed).jpg",ok
images/Maria_von_Braun_6330121_edited.jpg,Maria von Braun,Wernher von Braun,1963,Maria von Braun,https://upload.wikimedia.org/wikipedia/commons/thumb/2/2f/Maria_von_Braun_6330121_edited.jpg/800px-Maria_von_Braun_6330121_edited.jpg,https://commons.wikimedia.org/wiki/File:Maria_von_Braun_6330121_edited.jpg,ok
images/Golda_Meir__1964.jpg,Golda Meir,Golda Meir,1964,Golda Meir,https://upload.wikimedia.org/wikipedia/commons/thumb/6/6e/Golda_Meir_%281964%29.jpg/800px-Golda_Meir_%281964%29.jpg,https://commons.wikimedia.org/wiki/File:Golda_Meir_(1964).jpg,ok
images/Malcolm_X_NYWTS_2a.jpg,Malcolm X,Malcolm X,1964,"Malcolm X, by Ed Ford",https://upload.wikimedia.org/wikipedia/commons/thumb/c/cb/Malcolm_X_NYWTS_2a.jpg/800px-Malcolm_X_NYWTS_2a.jpg,https://commons.wikimedia.org/wiki/File:Malcolm_X_NYWTS_2a.jpg,ok
images/Malcolm_X_1964_press_photo.jpg,Malcolm X,Malcolm X,1964,"Malcolm X, by Eddie Adams",https://upload.wikimedia.org/wikipedia/commons/thumb/5/54/Malcolm_X_1964_press_photo.jpg/800px-Malcolm_X_1964_press_photo.jpg,https://commons.wikimedia.org/wiki/File:Malcolm_X_1964_press_photo.jpg,ok
images/Kurt_Vonnegut_by_Bernard_Gotfryd__1965.jpg,Kurt Vonnegut,Kurt Vonnegut,1965,Kurt Vonnegut (by Bernard Gotfryd),https://upload.wikimedia.org/wikipedia/commons/thumb/8/89/Kurt_Vonnegut_by_Bernard_Gotfryd_%281965%29.jpg/800px-Kurt_Vonnegut_by_Bernard_Gotfryd_%281965%29.jpg,https://commons.wikimedia.org/wiki/File:Kurt_Vonnegut_by_Bernard_Gotfryd_(1965).jpg,ok
images/Abbey_Lincoln_in_1966.jpg,Abbey Lincoln,Abbey Lincoln,1966,Abbey Lincoln,https://upload.wikimedia.org/wikipedia/commons/thumb/2/2f/Abbey_Lincoln_in_1966.jpg/800px-Abbey_Lincoln_in_1966.jpg,https://commons.wikimedia.org/wiki/File:Abbey_Lincoln_in_1966.jpg,ok
images/Dorothy_Houston_Jacobson_1967.jpg,Dorothy Houston Jacobson,Dorothy Houston Jacobson,1967,Dorothy Houston Jacobson,https://upload.wikimedia.org/wikipedia/commons/thumb/9/90/Dorothy_Houston_Jacobson_1967.jpg/800px-Dorothy_Houston_Jacobson_1967.jpg,https://commons.wikimedia.org/wiki/File:Dorothy_Houston_Jacobson_1967.jpg,ok
images/Sharon_Tate_Valley_of_the_Dolls_1967_-_Restoration.jpg,Sharon Tate,Sharon Tate,1967,"Sharon Tate, still from Valley of the Dolls",https://upload.wikimedia.org/wikipedia/commons/thumb/c/c1/Sharon_Tate_Valley_of_the_Dolls_1967_-_Restoration.jpg/800px-Sharon_Tate_Valley_of_the_Dolls_1967_-_Restoration.jpg,https://commons.wikimedia.org/wiki/File:Sharon_Tate_Valley_of_the_Dolls_1967_-_Restoration.jpg,ok
images/Dorothy_Anstett__Miss_USA__1968-bluish_tint_fix_attempt.jpg,Dorothy Anstett,Dorothy Anstett,1968,"Dorothy Anstett, Miss USA",https://upload.wikimedia.org/wikipedia/commons/thumb/9/98/Dorothy_Anstett%2C_Miss_USA%2C_1968-bluish_tint_fix_attempt.jpg/800px-Dorothy_Anstett%2C_Miss_USA%2C_1968-bluish_tint_fix_attempt.jpg,"https://commons.wikimedia.org/wiki/File:Dorothy_Anstett,_Miss_USA,_1968-bluish_tint_fix_attempt.jpg",ok
images/A.J._Muste__anti-war_activist__cropped.jpg,A.J. Muste,A. J. Muste,late 1960s,"A.J. Muste, antiwar activist, by Bernard Gotfryd",https://upload.wikimedia.org/wikipedia/commons/thumb/c/c8/A.J._Muste%2C_anti-war_activist%2C_cropped.jpg/800px-A.J._Muste%2C_anti-war_activist%2C_cropped.jpg,"https://commons.wikimedia.org/wiki/File:A.J._Muste,_anti-war_activist,_cropped.jpg",ok
images/Ike___Tina_Turner__Bestanddeelnr_924-2170_-_Restoration.jpg,Ike & Tina Turner,Ike & Tina Turner,1971,Ike & Tina Turner,https://upload.wikimedia.org/wikipedia/commons/thumb/d/d9/Ike_%26_Tina_Turner%2C_Bestanddeelnr_924-2170_-_Restoration.jpg/800px-Ike_%26_Tina_Turner%2C_Bestanddeelnr_924-2170_-_Restoration.jpg,"https://commons.wikimedia.org/wiki/File:Ike_%26_Tina_Turner,_Bestanddeelnr_924-2170_-_Restoration.jpg",ok
images/Luchino_Visconti_1972.jpg,Luchino Visconti,Luchino Visconti,1972,Luchino Visconti,https://upload.wikimedia.org/wikipedia/commons/thumb/2/23/Luchino_Visconti_1972.jpg/800px-Luchino_Visconti_1972.jpg,https://commons.wikimedia.org/wiki/File:Luchino_Visconti_1972.jpg,ok
images/Shirley_Chisholm.jpg,Shirley Chisholm,Shirley Chisholm,1972,Shirley Chisholm,https://upload.wikimedia.org/wikipedia/commons/thumb/1/10/Shirley_Chisholm.jpg/800px-Shirley_Chisholm.jpg,https://commons.wikimedia.org/wiki/File:Shirley_Chisholm.jpg,ok
images/Angela_Davis_in_a_half-length_portrait_by_Bernard_Gotfryd_-_crop.jpg,Angela Davis,Angela Davis,1974,Angela Davis,https://upload.wikimedia.org/wikipedia/commons/thumb/1/1d/Angela_Davis_in_a_half-length_portrait_by_Bernard_Gotfryd_-_crop.jpg/800px-Angela_Davis_in_a_half-length_portrait_by_Bernard_Gotfryd_-_crop.jpg,https://commons.wikimedia.org/wiki/File:Angela_Davis_in_a_half-length_portrait_by_Bernard_Gotfryd_-_crop.jpg,ok
images/Senador_Tancredo_Neves.jpg,Tancredo Neves,Tancredo Neves,c. 1979-1983,"Tancredo Neves, senator",https://upload.wikimedia.org/wikipedia/commons/thumb/e/ef/Senador_Tancredo_Neves.jpg/800px-Senador_Tancredo_Neves.jpg,https://commons.wikimedia.org/wiki/File:Senador_Tancredo_Neves.jpg,ok
images/Lauren_Bacall_by_Bernard_Gotfryd.jpg,Lauren Bacall,Lauren Bacall,c. 1976-1979,Lauren Bacall by Bernard Gotfryd,https://upload.wikimedia.org/wikipedia/commons/thumb/c/c2/Lauren_Bacall_by_Bernard_Gotfryd.jpg/800px-Lauren_Bacall_by_Bernard_Gotfryd.jpg,https://commons.wikimedia.org/wiki/File:Lauren_Bacall_by_Bernard_Gotfryd.jpg,ok
images/Phyllis_Diller_by_Allan_Warren.jpg,Phyllis Diller,Phyllis Diller,,Phyllis Diller by Allan Warren,https://upload.wikimedia.org/wikipedia/commons/thumb/c/c2/Phyllis_Diller_by_Allan_Warren.jpg/800px-Phyllis_Diller_by_Allan_Warren.jpg,https://commons.wikimedia.org/wiki/File:Phyllis_Diller_by_Allan_Warren.jpg,ok
images/Rita_Levi-Montalcini__1986.jpg,Rita Levi-Montalcini,Rita Levi-Montalcini,,Rita Levi-Montalcini (1986),https://upload.wikimedia.org/wikipedia/commons/thumb/e/e4/Rita_Levi-Montalcini_%281986%29.jpg/800px-Rita_Levi-Montalcini_%281986%29.jpg,https://commons.wikimedia.org/wiki/File:Rita_Levi-Montalcini_(1986).jpg,ok
images/Al_Grey__Gottlieb.jpg,Al Grey,Al Grey,1980s,Al Grey (Gottlieb),https://upload.wikimedia.org/wikipedia/commons/thumb/9/93/Al_Grey_%28Gottlieb%29.jpg/800px-Al_Grey_%28Gottlieb%29.jpg,https://commons.wikimedia.org/wiki/File:Al_Grey_(Gottlieb).jpg,ok
images/Stefan_Heym__1982.jpg,Stefan Heym,Stefan Heym,1982,"Stefan Heym, by Marcel Antonisse",https://upload.wikimedia.org/wikipedia/commons/thumb/a/ab/Stefan_Heym_%281982%29.jpg/800px-Stefan_Heym_%281982%29.jpg,https://commons.wikimedia.org/wiki/File:Stefan_Heym_(1982).jpg,ok
images/Serge_Gainsbourg_par_Claude_Truong-Ngoc_1981.jpg,Serge Gainsbourg,Serge Gainsbourg,1981,Serge Gainsbourg,https://upload.wikimedia.org/wikipedia/commons/thumb/9/9a/Serge_Gainsbourg_par_Claude_Truong-Ngoc_1981.jpg/800px-Serge_Gainsbourg_par_Claude_Truong-Ngoc_1981.jpg,https://commons.wikimedia.org/wiki/File:Serge_Gainsbourg_par_Claude_Truong-Ngoc_1981.jpg,ok
images/Sally_Ride__1984.jpg,Sally Ride,Sally Ride,1984,Sally Ride,https://upload.wikimedia.org/wikipedia/commons/thumb/0/0c/Sally_Ride_%281984%29.jpg/800px-Sally_Ride_%281984%29.jpg,https://commons.wikimedia.org/wiki/File:Sally_Ride_(1984).jpg,ok
images/Peter_Ustinov_black___white_Allan_Warren.jpg,Peter Ustinov,Peter Ustinov,1986,Sir Peter Ustinov,https://upload.wikimedia.org/wikipedia/commons/thumb/1/1d/Peter_Ustinov_black_%26_white_Allan_Warren.jpg/800px-Peter_Ustinov_black_%26_white_Allan_Warren.jpg,https://commons.wikimedia.org/wiki/File:Peter_Ustinov_black_%26_white_Allan_Warren.jpg,ok
images/Jorge_Amado__gtfy.00010.jpg,Jorge Amado,Jorge Amado,1988,Jorge Amado,https://upload.wikimedia.org/wikipedia/commons/thumb/0/0a/Jorge_Amado%2C_gtfy.00010.jpg/800px-Jorge_Amado%2C_gtfy.00010.jpg,"https://commons.wikimedia.org/wiki/File:Jorge_Amado,_gtfy.00010.jpg",ok
images/Olivia_de_Havilland__actress__1985_-_levels_adjustment.jpg,Olivia de Havilland,Olivia de Havilland,1985,Olivia de Havilland,https://upload.wikimedia.org/wikipedia/commons/thumb/5/5b/Olivia_de_Havilland%2C_actress%2C_1985_-_levels_adjustment.jpg/800px-Olivia_de_Havilland%2C_actress%2C_1985_-_levels_adjustment.jpg,"https://commons.wikimedia.org/wiki/File:Olivia_de_Havilland,_actress,_1985_-_levels_adjustment.jpg",ok
images/Sophia_Loren_62_Allan_Warren.jpg,Sophia Loren,Sophia Loren,1986,"Sophia Loren, by Allan Warren",https://upload.wikimedia.org/wikipedia/commons/thumb/e/e1/Sophia_Loren_62_Allan_Warren.jpg/800px-Sophia_Loren_62_Allan_Warren.jpg,https://commons.wikimedia.org/wiki/File:Sophia_Loren_62_Allan_Warren.jpg,ok
images/Sammy_Davis_Jnr_Allan_Warren.jpg,Sammy Davis Jr.,Sammy Davis Jr.,1986,"Sammy Davis Jr., by Allan Warren",https://upload.wikimedia.org/wikipedia/commons/thumb/e/eb/Sammy_Davis_Jnr_Allan_Warren.jpg/800px-Sammy_Davis_Jnr_Allan_Warren.jpg,https://commons.wikimedia.org/wiki/File:Sammy_Davis_Jnr_Allan_Warren.jpg,ok
